feature,importance,std,family
original_firstorder_90Percentile,0.021761658031088083,0.006471500516475006,original_firstorder
wavelet-LLH_glcm_ClusterShade,0.011917098445595886,0.0052071894409952794,wavelet-LLH_glcm
original_firstorder_Median,0.011917098445595875,0.005207189440995261,original_firstorder
original_firstorder_Mean,0.01088082901554407,0.004303950188040443,original_firstorder
wavelet-LLL_gldm_DependenceVariance,0.008290155440414537,0.004748783103581198,wavelet-LLL_gldm
original_shape_Sphericity,0.007772020725388629,0.005309300915004992,original_shape
wavelet-HLH_glrlm_GrayLevelNonUniformityNormalized,0.00725388601036272,0.0034369168811973177,wavelet-HLH_glrlm
wavelet-LLH_glrlm_GrayLevelNonUniformityNormalized,0.00725388601036272,0.002538331339671696,wavelet-LLH_glrlm
wavelet-HLH_glcm_MaximumProbability,0.006735751295336811,0.0023743915517905993,wavelet-HLH_glcm
wavelet-LLH_glcm_ClusterTendency,0.006735751295336811,0.0046632124352331775,wavelet-LLH_glcm
log-sigma-1-0-mm-3D_glszm_LowGrayLevelZoneEmphasis,0.006735751295336811,0.0023743915517905993,log-sigma-1-0-mm-3D_glszm
wavelet-LLH_firstorder_Uniformity,0.005699481865284994,0.0015544041450777258,wavelet-LLH_firstorder
log-sigma-5-0-mm-3D_glszm_GrayLevelNonUniformityNormalized,0.005699481865284994,0.00362694300518136,log-sigma-5-0-mm-3D_glszm
wavelet-LHL_glcm_Imc1,0.005699481865284994,0.0015544041450777258,wavelet-LHL_glcm
wavelet-LLH_glcm_ClusterProminence,0.005699481865284994,0.004303950188040469,wavelet-LLH_glcm
wavelet-LHL_firstorder_Skewness,0.005181347150259086,0.00327697166856828,wavelet-LHL_firstorder
wavelet-HLL_firstorder_Mean,0.005181347150259086,0.0023171688886008267,wavelet-HLL_firstorder
wavelet-LLH_firstorder_Entropy,0.005181347150259086,0.0,wavelet-LLH_firstorder
wavelet-LLH_glcm_SumEntropy,0.005181347150259086,0.0,wavelet-LLH_glcm
wavelet-HLH_glcm_Imc1,0.005181347150259086,0.00327697166856828,wavelet-HLH_glcm
wavelet-LLH_firstorder_Median,0.0046632124352331775,0.0015544041450777258,wavelet-LLH_firstorder
wavelet-HHL_ngtdm_Strength,0.0046632124352331775,0.0015544041450777258,wavelet-HHL_ngtdm
log-sigma-3-0-mm-3D_gldm_SmallDependenceHighGrayLevelEmphasis,0.0041450777202072684,0.0020725388601036342,log-sigma-3-0-mm-3D_gldm
wavelet-HHH_glcm_JointEnergy,0.0041450777202072684,0.0020725388601036342,wavelet-HHH_glcm
wavelet-LHL_glcm_ClusterShade,0.0041450777202072684,0.0020725388601036342,wavelet-LHL_glcm
wavelet-LLH_glszm_LowGrayLevelZoneEmphasis,0.0041450777202072684,0.003877365167641404,wavelet-LLH_glszm
wavelet-HLH_glszm_ZoneEntropy,0.0041450777202072684,0.0020725388601036342,wavelet-HLH_glszm
wavelet-LHL_glszm_SmallAreaLowGrayLevelEmphasis,0.0041450777202072684,0.003877365167641404,wavelet-LHL_glszm
original_glrlm_RunEntropy,0.0041450777202072684,0.0020725388601036342,original_glrlm
original_glcm_DifferenceAverage,0.0041450777202072684,0.0020725388601036342,original_glcm
wavelet-LLH_glcm_JointEnergy,0.0041450777202072684,0.0020725388601036342,wavelet-LLH_glcm
wavelet-LLL_gldm_DependenceNonUniformityNormalized,0.0041450777202072684,0.0031088082901554515,wavelet-LLL_gldm
original_firstorder_Minimum,0.0041450777202072684,0.0020725388601036342,original_firstorder
wavelet-HLH_glcm_ClusterShade,0.0041450777202072684,0.0031088082901554515,wavelet-HLH_glcm
wavelet-HHL_firstorder_Median,0.0041450777202072684,0.0020725388601036347,wavelet-HHL_firstorder
log-sigma-5-0-mm-3D_glrlm_GrayLevelNonUniformityNormalized,0.00362694300518136,0.0023743915517905993,log-sigma-5-0-mm-3D_glrlm
wavelet-HLH_firstorder_Mean,0.00362694300518136,0.0023743915517905993,wavelet-HLH_firstorder
wavelet-LLL_glcm_Idmn,0.00362694300518136,0.0023743915517905993,wavelet-LLL_glcm
wavelet-LLH_glcm_Contrast,0.00362694300518136,0.003317680952037757,wavelet-LLH_glcm
wavelet-LHH_glszm_SizeZoneNonUniformity,0.00362694300518136,0.0023743915517905993,wavelet-LHH_glszm
log-sigma-3-0-mm-3D_glcm_Idn,0.00362694300518136,0.0023743915517905993,log-sigma-3-0-mm-3D_glcm
wavelet-HHL_glcm_ClusterShade,0.00362694300518136,0.0023743915517905993,wavelet-HHL_glcm
wavelet-HHH_glszm_GrayLevelNonUniformity,0.00362694300518136,0.003317680952037757,wavelet-HHH_glszm
log-sigma-4-0-mm-3D_glszm_SmallAreaHighGrayLevelEmphasis,0.00362694300518136,0.003317680952037757,log-sigma-4-0-mm-3D_glszm
wavelet-LHL_glcm_MCC,0.00362694300518136,0.003317680952037757,wavelet-LHL_glcm
wavelet-HLH_glcm_ClusterTendency,0.00362694300518136,0.003317680952037757,wavelet-HLH_glcm
log-sigma-4-0-mm-3D_firstorder_Maximum,0.00362694300518136,0.003317680952037757,log-sigma-4-0-mm-3D_firstorder
log-sigma-5-0-mm-3D_glszm_SmallAreaHighGrayLevelEmphasis,0.00362694300518136,0.0023743915517905993,log-sigma-5-0-mm-3D_glszm
log-sigma-2-0-mm-3D_glszm_GrayLevelVariance,0.00362694300518136,0.003317680952037757,log-sigma-2-0-mm-3D_glszm
log-sigma-5-0-mm-3D_firstorder_Minimum,0.00362694300518136,0.0023743915517905993,log-sigma-5-0-mm-3D_firstorder
original_gldm_DependenceNonUniformityNormalized,0.00362694300518136,0.0023743915517905993,original_gldm
original_glcm_Imc1,0.00362694300518136,0.0023743915517905993,original_glcm
wavelet-LLH_glrlm_GrayLevelVariance,0.0031088082901554515,0.002538331339671696,wavelet-LLH_glrlm
wavelet-HHH_glcm_DifferenceEntropy,0.0031088082901554515,0.002538331339671696,wavelet-HHH_glcm
log-sigma-3-0-mm-3D_glcm_Idmn,0.0031088082901554515,0.002538331339671696,log-sigma-3-0-mm-3D_glcm
wavelet-HHH_glcm_Contrast,0.0031088082901554515,0.002538331339671696,wavelet-HHH_glcm
wavelet-LLL_glcm_MCC,0.0031088082901554515,0.002538331339671696,wavelet-LLL_glcm
wavelet-LLH_firstorder_Variance,0.0031088082901554515,0.002538331339671696,wavelet-LLH_firstorder
original_glcm_Contrast,0.0031088082901554515,0.003436916881197318,original_glcm
original_glszm_ZonePercentage,0.0031088082901554515,0.002538331339671696,original_glszm
wavelet-LLH_gldm_SmallDependenceHighGrayLevelEmphasis,0.0031088082901554515,0.002538331339671696,wavelet-LLH_gldm
log-sigma-4-0-mm-3D_glszm_HighGrayLevelZoneEmphasis,0.0031088082901554515,0.002538331339671696,log-sigma-4-0-mm-3D_glszm
wavelet-LLL_glcm_InverseVariance,0.0031088082901554515,0.0041450777202072684,wavelet-LLL_glcm
original_gldm_SmallDependenceHighGrayLevelEmphasis,0.0031088082901554515,0.002538331339671696,original_gldm
log-sigma-4-0-mm-3D_glrlm_LongRunHighGrayLevelEmphasis,0.0031088082901554515,0.0034369168811973177,log-sigma-4-0-mm-3D_glrlm
log-sigma-5-0-mm-3D_glszm_HighGrayLevelZoneEmphasis,0.0031088082901554515,0.002538331339671696,log-sigma-5-0-mm-3D_glszm
log-sigma-4-0-mm-3D_ngtdm_Complexity,0.0031088082901554515,0.002538331339671696,log-sigma-4-0-mm-3D_ngtdm
wavelet-LHL_glcm_ClusterProminence,0.0031088082901554515,0.002538331339671696,wavelet-LHL_glcm
log-sigma-4-0-mm-3D_gldm_SmallDependenceHighGrayLevelEmphasis,0.0031088082901554515,0.002538331339671696,log-sigma-4-0-mm-3D_gldm
log-sigma-3-0-mm-3D_ngtdm_Busyness,0.0031088082901554515,0.003436916881197318,log-sigma-3-0-mm-3D_ngtdm
wavelet-LHH_glszm_GrayLevelVariance,0.0031088082901554515,0.002538331339671696,wavelet-LHH_glszm
log-sigma-3-0-mm-3D_glszm_SmallAreaLowGrayLevelEmphasis,0.0031088082901554515,0.002538331339671696,log-sigma-3-0-mm-3D_glszm
wavelet-LHH_gldm_SmallDependenceEmphasis,0.0031088082901554515,0.002538331339671696,wavelet-LHH_gldm
wavelet-LHH_glszm_HighGrayLevelZoneEmphasis,0.0031088082901554515,0.002538331339671696,wavelet-LHH_glszm
log-sigma-3-0-mm-3D_glszm_LowGrayLevelZoneEmphasis,0.0031088082901554515,0.004145077720207269,log-sigma-3-0-mm-3D_glszm
wavelet-HLL_gldm_SmallDependenceHighGrayLevelEmphasis,0.0031088082901554515,0.002538331339671696,wavelet-HLL_gldm
wavelet-LHH_glcm_ClusterShade,0.0031088082901554515,0.002538331339671696,wavelet-LHH_glcm
wavelet-HHL_gldm_SmallDependenceHighGrayLevelEmphasis,0.0031088082901554515,0.002538331339671696,wavelet-HHL_gldm
wavelet-HLH_glszm_SmallAreaLowGrayLevelEmphasis,0.0031088082901554515,0.002538331339671696,wavelet-HLH_glszm
wavelet-HLH_glszm_SmallAreaHighGrayLevelEmphasis,0.0031088082901554515,0.002538331339671696,wavelet-HLH_glszm
wavelet-HLH_glszm_HighGrayLevelZoneEmphasis,0.0031088082901554515,0.002538331339671696,wavelet-HLH_glszm
wavelet-HLH_glcm_DifferenceEntropy,0.0031088082901554515,0.002538331339671696,wavelet-HLH_glcm
wavelet-LHL_gldm_SmallDependenceEmphasis,0.0031088082901554515,0.004748783103581198,wavelet-LHL_gldm
wavelet-LHH_glcm_Contrast,0.0031088082901554515,0.002538331339671696,wavelet-LHH_glcm
wavelet-LHH_glcm_DifferenceAverage,0.0031088082901554515,0.002538331339671696,wavelet-LHH_glcm
wavelet-HLH_glcm_ClusterProminence,0.0031088082901554515,0.002538331339671696,wavelet-HLH_glcm
wavelet-HLH_firstorder_10Percentile,0.0031088082901554515,0.002538331339671696,wavelet-HLH_firstorder
original_firstorder_10Percentile,0.0031088082901554515,0.002538331339671696,original_firstorder
wavelet-HLH_firstorder_Energy,0.0031088082901554515,0.002538331339671696,wavelet-HLH_firstorder
wavelet-LHH_glszm_SmallAreaHighGrayLevelEmphasis,0.0031088082901554515,0.0034369168811973177,wavelet-LHH_glszm
wavelet-HLL_glcm_ClusterProminence,0.0031088082901554515,0.002538331339671696,wavelet-HLL_glcm
wavelet-HHL_gldm_SmallDependenceEmphasis,0.0031088082901554515,0.002538331339671696,wavelet-HHL_gldm
wavelet-LHH_glcm_ClusterTendency,0.0031088082901554515,0.002538331339671696,wavelet-LHH_glcm
wavelet-LHH_firstorder_Energy,0.0031088082901554515,0.002538331339671696,wavelet-LHH_firstorder
wavelet-LHH_firstorder_Entropy,0.0031088082901554515,0.002538331339671696,wavelet-LHH_firstorder
wavelet-LHL_gldm_SmallDependenceHighGrayLevelEmphasis,0.0031088082901554515,0.002538331339671696,wavelet-LHL_gldm
wavelet-HHH_gldm_SmallDependenceEmphasis,0.0031088082901554515,0.002538331339671696,wavelet-HHH_gldm
wavelet-HHH_glcm_ClusterShade,0.0031088082901554515,0.003436916881197318,wavelet-HHH_glcm
wavelet-HHH_glcm_ClusterTendency,0.0031088082901554515,0.002538331339671696,wavelet-HHH_glcm
wavelet-HHH_glszm_SmallAreaHighGrayLevelEmphasis,0.0031088082901554515,0.002538331339671696,wavelet-HHH_glszm
wavelet-HHH_glszm_HighGrayLevelZoneEmphasis,0.0031088082901554515,0.002538331339671696,wavelet-HHH_glszm
wavelet-LHH_glcm_Autocorrelation,0.0031088082901554515,0.002538331339671696,wavelet-LHH_glcm
wavelet-HHL_glcm_ClusterProminence,0.0031088082901554515,0.002538331339671696,wavelet-HHL_glcm
wavelet-HHH_glcm_SumEntropy,0.0031088082901554515,0.002538331339671696,wavelet-HHH_glcm
wavelet-HHH_glcm_Imc1,0.0031088082901554515,0.002538331339671696,wavelet-HHH_glcm
wavelet-HHL_glszm_ZonePercentage,0.0031088082901554515,0.002538331339671696,wavelet-HHL_glszm
wavelet-LHH_glcm_DifferenceEntropy,0.0031088082901554515,0.002538331339671696,wavelet-LHH_glcm
log-sigma-3-0-mm-3D_glcm_Correlation,0.002590673575129543,0.002590673575129543,log-sigma-3-0-mm-3D_glcm
original_gldm_LargeDependenceHighGrayLevelEmphasis,0.002590673575129543,0.002590673575129543,original_gldm
wavelet-LHH_firstorder_10Percentile,0.002590673575129543,0.002590673575129543,wavelet-LHH_firstorder
wavelet-HHH_firstorder_Median,0.002590673575129543,0.002590673575129543,wavelet-HHH_firstorder
wavelet-LHL_glszm_LargeAreaHighGrayLevelEmphasis,0.002590673575129543,0.00347575333290124,wavelet-LHL_glszm
wavelet-LHH_firstorder_Median,0.002590673575129543,0.002590673575129543,wavelet-LHH_firstorder
wavelet-HHH_glszm_SmallAreaEmphasis,0.002590673575129543,0.002590673575129543,wavelet-HHH_glszm
log-sigma-3-0-mm-3D_glszm_GrayLevelVariance,0.002590673575129543,0.002590673575129543,log-sigma-3-0-mm-3D_glszm
log-sigma-4-0-mm-3D_firstorder_Skewness,0.002590673575129543,0.004177335620880092,log-sigma-4-0-mm-3D_firstorder
wavelet-HLH_glcm_Autocorrelation,0.002590673575129543,0.002590673575129543,wavelet-HLH_glcm
original_gldm_LargeDependenceLowGrayLevelEmphasis,0.002590673575129543,0.002590673575129543,original_gldm
log-sigma-4-0-mm-3D_glszm_GrayLevelNonUniformityNormalized,0.002590673575129543,0.00347575333290124,log-sigma-4-0-mm-3D_glszm
log-sigma-3-0-mm-3D_glcm_Autocorrelation,0.002590673575129543,0.002590673575129543,log-sigma-3-0-mm-3D_glcm
wavelet-LLH_gldm_SmallDependenceEmphasis,0.002590673575129543,0.002590673575129543,wavelet-LLH_gldm
log-sigma-4-0-mm-3D_glrlm_GrayLevelNonUniformityNormalized,0.002590673575129543,0.00347575333290124,log-sigma-4-0-mm-3D_glrlm
wavelet-LLH_glrlm_ShortRunHighGrayLevelEmphasis,0.002590673575129543,0.002590673575129543,wavelet-LLH_glrlm
original_glcm_MCC,0.002590673575129543,0.002590673575129543,original_glcm
original_glcm_Correlation,0.002590673575129543,0.002590673575129543,original_glcm
original_glcm_Imc2,0.002590673575129543,0.002590673575129543,original_glcm
log-sigma-5-0-mm-3D_glszm_SizeZoneNonUniformityNormalized,0.002590673575129543,0.005309300915004992,log-sigma-5-0-mm-3D_glszm
original_glrlm_GrayLevelVariance,0.0020725388601036342,0.002538331339671696,original_glrlm
log-sigma-2-0-mm-3D_glcm_Correlation,0.0020725388601036342,0.002538331339671696,log-sigma-2-0-mm-3D_glcm
log-sigma-1-0-mm-3D_glszm_SmallAreaHighGrayLevelEmphasis,0.0020725388601036342,0.004145077720207269,log-sigma-1-0-mm-3D_glszm
log-sigma-1-0-mm-3D_glszm_SmallAreaEmphasis,0.0020725388601036342,0.0041450777202072684,log-sigma-1-0-mm-3D_glszm
wavelet-LLH_ngtdm_Complexity,0.0020725388601036342,0.004145077720207269,wavelet-LLH_ngtdm
original_glrlm_GrayLevelNonUniformityNormalized,0.0020725388601036342,0.002538331339671696,original_glrlm
original_glrlm_GrayLevelNonUniformity,0.0020725388601036342,0.002538331339671696,original_glrlm
wavelet-HLL_firstorder_InterquartileRange,0.0020725388601036342,0.0034369168811973177,wavelet-HLL_firstorder
wavelet-LHL_ngtdm_Busyness,0.0020725388601036342,0.002538331339671696,wavelet-LHL_ngtdm
log-sigma-4-0-mm-3D_gldm_LargeDependenceLowGrayLevelEmphasis,0.0020725388601036342,0.0041450777202072684,log-sigma-4-0-mm-3D_gldm
log-sigma-4-0-mm-3D_glcm_Autocorrelation,0.0020725388601036342,0.003436916881197318,log-sigma-4-0-mm-3D_glcm
log-sigma-3-0-mm-3D_glcm_Imc1,0.0020725388601036342,0.002538331339671696,log-sigma-3-0-mm-3D_glcm
log-sigma-4-0-mm-3D_glszm_LowGrayLevelZoneEmphasis,0.0020725388601036342,0.002538331339671696,log-sigma-4-0-mm-3D_glszm
log-sigma-3-0-mm-3D_glrlm_LongRunHighGrayLevelEmphasis,0.0020725388601036342,0.003436916881197318,log-sigma-3-0-mm-3D_glrlm
log-sigma-3-0-mm-3D_glrlm_RunEntropy,0.0020725388601036342,0.002538331339671696,log-sigma-3-0-mm-3D_glrlm
log-sigma-3-0-mm-3D_ngtdm_Contrast,0.0020725388601036342,0.002538331339671696,log-sigma-3-0-mm-3D_ngtdm
wavelet-HLL_glcm_Contrast,0.0020725388601036342,0.002538331339671696,wavelet-HLL_glcm
log-sigma-3-0-mm-3D_ngtdm_Complexity,0.0020725388601036342,0.002538331339671696,log-sigma-3-0-mm-3D_ngtdm
wavelet-HHL_firstorder_10Percentile,0.0020725388601036342,0.0034369168811973177,wavelet-HHL_firstorder
wavelet-LLH_glszm_SmallAreaLowGrayLevelEmphasis,0.0020725388601036342,0.002538331339671696,wavelet-LLH_glszm
log-sigma-2-0-mm-3D_glcm_Idmn,0.0015544041450777258,0.0023743915517905993,log-sigma-2-0-mm-3D_glcm
wavelet-LLH_ngtdm_Busyness,0.0015544041450777258,0.0023743915517905993,wavelet-LLH_ngtdm
original_shape_MeshVolume,0.0015544041450777258,0.0023743915517905993,original_shape
wavelet-HLL_glcm_Imc2,0.0015544041450777258,0.0023743915517905993,wavelet-HLL_glcm
log-sigma-5-0-mm-3D_glcm_ClusterShade,0.0015544041450777258,0.0023743915517905993,log-sigma-5-0-mm-3D_glcm
wavelet-HLL_glrlm_LongRunHighGrayLevelEmphasis,0.0015544041450777258,0.0023743915517905993,wavelet-HLL_glrlm
original_shape_Flatness,0.0015544041450777258,0.0023743915517905993,original_shape
wavelet-LHL_glszm_GrayLevelNonUniformityNormalized,0.0015544041450777258,0.0023743915517905993,wavelet-LHL_glszm
log-sigma-4-0-mm-3D_firstorder_Minimum,0.0015544041450777258,0.0023743915517905993,log-sigma-4-0-mm-3D_firstorder
log-sigma-5-0-mm-3D_gldm_LargeDependenceLowGrayLevelEmphasis,0.0015544041450777258,0.0023743915517905993,log-sigma-5-0-mm-3D_gldm
wavelet-LHL_firstorder_Minimum,0.0015544041450777258,0.0023743915517905993,wavelet-LHL_firstorder
log-sigma-3-0-mm-3D_glcm_MCC,0.0015544041450777258,0.003317680952037757,log-sigma-3-0-mm-3D_glcm
wavelet-LHL_glrlm_LongRunLowGrayLevelEmphasis,0.0015544041450777258,0.0023743915517905993,wavelet-LHL_glrlm
wavelet-LHL_firstorder_90Percentile,0.0015544041450777258,0.0023743915517905993,wavelet-LHL_firstorder
log-sigma-5-0-mm-3D_glszm_GrayLevelVariance,0.0015544041450777258,0.0023743915517905993,log-sigma-5-0-mm-3D_glszm
wavelet-HHH_glszm_GrayLevelNonUniformityNormalized,0.0015544041450777258,0.0023743915517905993,wavelet-HHH_glszm
wavelet-LHL_glszm_SizeZoneNonUniformityNormalized,0.0015544041450777258,0.003317680952037757,wavelet-LHL_glszm
wavelet-LHH_glcm_Imc1,0.0015544041450777258,0.0023743915517905993,wavelet-LHH_glcm
log-sigma-2-0-mm-3D_glcm_MCC,0.0015544041450777258,0.0023743915517905993,log-sigma-2-0-mm-3D_glcm
original_glrlm_LongRunEmphasis,0.0015544041450777258,0.0023743915517905993,original_glrlm
log-sigma-3-0-mm-3D_firstorder_Maximum,0.0015544041450777258,0.0023743915517905993,log-sigma-3-0-mm-3D_firstorder
log-sigma-5-0-mm-3D_glrlm_ShortRunLowGrayLevelEmphasis,0.0015544041450777258,0.0023743915517905993,log-sigma-5-0-mm-3D_glrlm
log-sigma-2-0-mm-3D_ngtdm_Contrast,0.0015544041450777258,0.0023743915517905993,log-sigma-2-0-mm-3D_ngtdm
original_ngtdm_Busyness,0.0015544041450777258,0.0023743915517905993,original_ngtdm
original_glcm_Idn,0.0010362694300518171,0.0031088082901554515,original_glcm
log-sigma-5-0-mm-3D_glrlm_LongRunLowGrayLevelEmphasis,0.0010362694300518171,0.0020725388601036342,log-sigma-5-0-mm-3D_glrlm
log-sigma-2-0-mm-3D_glcm_Imc1,0.0010362694300518171,0.0031088082901554515,log-sigma-2-0-mm-3D_glcm
original_glszm_SmallAreaLowGrayLevelEmphasis,0.0010362694300518171,0.0020725388601036342,original_glszm
log-sigma-2-0-mm-3D_gldm_LargeDependenceLowGrayLevelEmphasis,0.0010362694300518171,0.0020725388601036342,log-sigma-2-0-mm-3D_gldm
log-sigma-2-0-mm-3D_glcm_ClusterShade,0.0010362694300518171,0.0020725388601036342,log-sigma-2-0-mm-3D_glcm
wavelet-LLL_glszm_SmallAreaLowGrayLevelEmphasis,0.0010362694300518171,0.0031088082901554515,wavelet-LLL_glszm
log-sigma-1-0-mm-3D_firstorder_Range,0.0010362694300518171,0.0020725388601036342,log-sigma-1-0-mm-3D_firstorder
log-sigma-1-0-mm-3D_firstorder_Minimum,0.0010362694300518171,0.0020725388601036342,log-sigma-1-0-mm-3D_firstorder
wavelet-LLL_ngtdm_Busyness,0.0010362694300518171,0.0020725388601036342,wavelet-LLL_ngtdm
wavelet-LLL_glszm_SizeZoneNonUniformityNormalized,0.0010362694300518171,0.0020725388601036342,wavelet-LLL_glszm
wavelet-LLL_glcm_Imc1,0.0010362694300518171,0.0020725388601036342,wavelet-LLL_glcm
wavelet-LLL_glszm_GrayLevelNonUniformity,0.0010362694300518171,0.0020725388601036342,wavelet-LLL_glszm
wavelet-LLL_glrlm_RunEntropy,0.0010362694300518171,0.0020725388601036342,wavelet-LLL_glrlm
wavelet-LLH_firstorder_Maximum,0.0010362694300518171,0.005580481665424376,wavelet-LLH_firstorder
log-sigma-2-0-mm-3D_glcm_Idn,0.0010362694300518171,0.0031088082901554515,log-sigma-2-0-mm-3D_glcm
original_glcm_Idmn,0.0010362694300518171,0.0020725388601036342,original_glcm
log-sigma-1-0-mm-3D_glszm_SmallAreaLowGrayLevelEmphasis,0.0010362694300518171,0.0020725388601036342,log-sigma-1-0-mm-3D_glszm
original_glszm_LowGrayLevelZoneEmphasis,0.0010362694300518171,0.0020725388601036342,original_glszm
log-sigma-1-0-mm-3D_glszm_SizeZoneNonUniformityNormalized,0.0010362694300518171,0.0031088082901554515,log-sigma-1-0-mm-3D_glszm
log-sigma-2-0-mm-3D_glrlm_GrayLevelVariance,0.0010362694300518171,0.0020725388601036342,log-sigma-2-0-mm-3D_glrlm
log-sigma-1-0-mm-3D_gldm_SmallDependenceHighGrayLevelEmphasis,0.0010362694300518171,0.0031088082901554515,log-sigma-1-0-mm-3D_gldm
wavelet-LLH_glszm_SizeZoneNonUniformity,0.0010362694300518171,0.0020725388601036342,wavelet-LLH_glszm
wavelet-HHL_glszm_GrayLevelNonUniformityNormalized,0.0010362694300518171,0.0020725388601036342,wavelet-HHL_glszm
log-sigma-4-0-mm-3D_glszm_SmallAreaEmphasis,0.0010362694300518171,0.0031088082901554515,log-sigma-4-0-mm-3D_glszm
wavelet-LHL_firstorder_Energy,0.0010362694300518171,0.0020725388601036342,wavelet-LHL_firstorder
log-sigma-4-0-mm-3D_glcm_ClusterShade,0.0010362694300518171,0.0020725388601036342,log-sigma-4-0-mm-3D_glcm
wavelet-HHL_glcm_Imc2,0.0010362694300518171,0.0020725388601036342,wavelet-HHL_glcm
wavelet-LHH_gldm_DependenceEntropy,0.0010362694300518171,0.0020725388601036342,wavelet-LHH_gldm
wavelet-HHL_glszm_LowGrayLevelZoneEmphasis,0.0010362694300518171,0.0020725388601036342,wavelet-HHL_glszm
wavelet-LHL_gldm_LargeDependenceLowGrayLevelEmphasis,0.0010362694300518171,0.0020725388601036342,wavelet-LHL_gldm
log-sigma-3-0-mm-3D_glszm_SmallAreaEmphasis,0.0010362694300518171,0.004516993723876362,log-sigma-3-0-mm-3D_glszm
wavelet-HLH_glszm_GrayLevelVariance,0.0010362694300518171,0.0020725388601036342,wavelet-HLH_glszm
wavelet-HLH_gldm_LargeDependenceEmphasis,0.0010362694300518171,0.0020725388601036342,wavelet-HLH_gldm
log-sigma-3-0-mm-3D_glszm_SmallAreaHighGrayLevelEmphasis,0.0010362694300518171,0.004516993723876362,log-sigma-3-0-mm-3D_glszm
wavelet-HLH_firstorder_Skewness,0.0010362694300518171,0.0020725388601036342,wavelet-HLH_firstorder
wavelet-HLL_ngtdm_Busyness,0.0010362694300518171,0.0020725388601036342,wavelet-HLL_ngtdm
wavelet-HLL_firstorder_Maximum,0.0010362694300518171,0.0020725388601036342,wavelet-HLL_firstorder
wavelet-HLL_firstorder_Minimum,0.0010362694300518171,0.0020725388601036342,wavelet-HLL_firstorder
wavelet-HLL_glcm_Correlation,0.0010362694300518171,0.0020725388601036342,wavelet-HLL_glcm
log-sigma-5-0-mm-3D_glcm_MaximumProbability,0.0010362694300518171,0.0020725388601036342,log-sigma-5-0-mm-3D_glcm
log-sigma-5-0-mm-3D_ngtdm_Busyness,0.0010362694300518171,0.0020725388601036342,log-sigma-5-0-mm-3D_ngtdm
log-sigma-5-0-mm-3D_glrlm_GrayLevelVariance,0.0005181347150259086,0.001554404145077726,log-sigma-5-0-mm-3D_glrlm
log-sigma-5-0-mm-3D_glszm_SmallAreaEmphasis,0.0005181347150259086,0.004303950188040469,log-sigma-5-0-mm-3D_glszm
log-sigma-2-0-mm-3D_firstorder_10Percentile,0.0005181347150259086,0.0015544041450777258,log-sigma-2-0-mm-3D_firstorder
log-sigma-2-0-mm-3D_firstorder_Kurtosis,0.0005181347150259086,0.001554404145077726,log-sigma-2-0-mm-3D_firstorder
original_glszm_SizeZoneNonUniformity,0.0005181347150259086,0.001554404145077726,original_glszm
original_ngtdm_Complexity,0.0005181347150259086,0.001554404145077726,original_ngtdm
original_ngtdm_Contrast,0.0005181347150259086,0.001554404145077726,original_ngtdm
wavelet-LLH_firstorder_Energy,0.0005181347150259086,0.001554404145077726,wavelet-LLH_firstorder
wavelet-HLL_glszm_LargeAreaHighGrayLevelEmphasis,0.0005181347150259086,0.002790240832712188,wavelet-HLL_glszm
wavelet-HLL_glszm_SizeZoneNonUniformity,0.0005181347150259086,0.001554404145077726,wavelet-HLL_glszm
wavelet-HLL_gldm_DependenceNonUniformityNormalized,0.0005181347150259086,0.001554404145077726,wavelet-HLL_gldm
original_firstorder_Entropy,0.0005181347150259086,0.001554404145077726,original_firstorder
log-sigma-2-0-mm-3D_glrlm_RunEntropy,0.0005181347150259086,0.001554404145077726,log-sigma-2-0-mm-3D_glrlm
log-sigma-2-0-mm-3D_glrlm_ShortRunLowGrayLevelEmphasis,0.0005181347150259086,0.001554404145077726,log-sigma-2-0-mm-3D_glrlm
log-sigma-1-0-mm-3D_glrlm_LongRunEmphasis,0.0005181347150259086,0.001554404145077726,log-sigma-1-0-mm-3D_glrlm
log-sigma-1-0-mm-3D_glcm_Contrast,0.0005181347150259086,0.0015544041450777258,log-sigma-1-0-mm-3D_glcm
log-sigma-1-0-mm-3D_glcm_Correlation,0.0005181347150259086,0.001554404145077726,log-sigma-1-0-mm-3D_glcm
wavelet-LLL_ngtdm_Coarseness,0.0005181347150259086,0.001554404145077726,wavelet-LLL_ngtdm
log-sigma-1-0-mm-3D_firstorder_Energy,0.0005181347150259086,0.001554404145077726,log-sigma-1-0-mm-3D_firstorder
log-sigma-1-0-mm-3D_firstorder_Maximum,0.0005181347150259086,0.00362694300518136,log-sigma-1-0-mm-3D_firstorder
wavelet-LHH_glszm_SmallAreaLowGrayLevelEmphasis,0.0005181347150259086,0.0015544041450777258,wavelet-LHH_glszm
wavelet-HLL_firstorder_90Percentile,0.0005181347150259086,0.001554404145077726,wavelet-HLL_firstorder
wavelet-HLL_glrlm_RunEntropy,0.0005181347150259086,0.001554404145077726,wavelet-HLL_glrlm
wavelet-HLL_glszm_GrayLevelNonUniformity,0.0005181347150259086,0.001554404145077726,wavelet-HLL_glszm
wavelet-HLL_glszm_GrayLevelVariance,0.0005181347150259086,0.00362694300518136,wavelet-HLL_glszm
log-sigma-2-0-mm-3D_ngtdm_Busyness,0.0005181347150259086,0.001554404145077726,log-sigma-2-0-mm-3D_ngtdm
wavelet-LLH_firstorder_Mean,0.0005181347150259086,0.0015544041450777258,wavelet-LLH_firstorder
log-sigma-3-0-mm-3D_firstorder_Uniformity,0.0005181347150259086,0.001554404145077726,log-sigma-3-0-mm-3D_firstorder
wavelet-LLH_glcm_JointEntropy,0.0005181347150259086,0.001554404145077726,wavelet-LLH_glcm
wavelet-LLH_gldm_LargeDependenceLowGrayLevelEmphasis,0.0005181347150259086,0.001554404145077726,wavelet-LLH_gldm
wavelet-LLL_glszm_SizeZoneNonUniformity,0.0005181347150259086,0.001554404145077726,wavelet-LLL_glszm
log-sigma-4-0-mm-3D_glszm_SizeZoneNonUniformityNormalized,0.0005181347150259086,0.001554404145077726,log-sigma-4-0-mm-3D_glszm
log-sigma-4-0-mm-3D_ngtdm_Busyness,0.0005181347150259086,0.001554404145077726,log-sigma-4-0-mm-3D_ngtdm
wavelet-LLH_glszm_GrayLevelNonUniformity,0.0005181347150259086,0.001554404145077726,wavelet-LLH_glszm
wavelet-HHH_glszm_SmallAreaLowGrayLevelEmphasis,0.0005181347150259086,0.005409485237777506,wavelet-HHH_glszm
wavelet-HHH_firstorder_Mean,0.0005181347150259086,0.001554404145077726,wavelet-HHH_firstorder
wavelet-HHH_firstorder_Skewness,0.0005181347150259086,0.001554404145077726,wavelet-HHH_firstorder
log-sigma-3-0-mm-3D_glcm_Contrast,0.0005181347150259086,0.001554404145077726,log-sigma-3-0-mm-3D_glcm
wavelet-LHL_glszm_GrayLevelVariance,0.0005181347150259086,0.001554404145077726,wavelet-LHL_glszm
wavelet-LHL_firstorder_10Percentile,0.0005181347150259086,0.004303950188040469,wavelet-LHL_firstorder
wavelet-HLH_glszm_GrayLevelNonUniformity,0.0005181347150259086,0.001554404145077726,wavelet-HLH_glszm
wavelet-HLL_gldm_LargeDependenceEmphasis,0.0005181347150259086,0.001554404145077726,wavelet-HLL_gldm
wavelet-LHH_firstorder_Mean,0.0005181347150259086,0.001554404145077726,wavelet-LHH_firstorder
wavelet-LHL_glcm_InverseVariance,0.0005181347150259086,0.001554404145077726,wavelet-LHL_glcm
log-sigma-3-0-mm-3D_glcm_MaximumProbability,0.0005181347150259086,0.002790240832712188,log-sigma-3-0-mm-3D_glcm
log-sigma-3-0-mm-3D_gldm_LargeDependenceLowGrayLevelEmphasis,0.0005181347150259086,0.001554404145077726,log-sigma-3-0-mm-3D_gldm
log-sigma-3-0-mm-3D_glrlm_GrayLevelVariance,0.0005181347150259086,0.001554404145077726,log-sigma-3-0-mm-3D_glrlm
wavelet-LHH_glcm_Imc2,0.0005181347150259086,0.001554404145077726,wavelet-LHH_glcm
wavelet-LHL_glszm_SmallAreaEmphasis,0.0005181347150259086,0.00362694300518136,wavelet-LHL_glszm
wavelet-HHL_glszm_SmallAreaEmphasis,0.0005181347150259086,0.001554404145077726,wavelet-HHL_glszm
wavelet-HHL_glszm_SmallAreaHighGrayLevelEmphasis,0.0005181347150259086,0.001554404145077726,wavelet-HHL_glszm
wavelet-HHL_gldm_LargeDependenceEmphasis,0.0005181347150259086,0.00362694300518136,wavelet-HHL_gldm
wavelet-HLH_glszm_SizeZoneNonUniformity,0.0005181347150259086,0.005409485237777506,wavelet-HLH_glszm
wavelet-HLH_glrlm_RunVariance,0.0005181347150259086,0.001554404145077726,wavelet-HLH_glrlm
log-sigma-4-0-mm-3D_glcm_Correlation,0.0005181347150259086,0.0015544041450777258,log-sigma-4-0-mm-3D_glcm
log-sigma-4-0-mm-3D_glcm_Imc1,0.0005181347150259086,0.0015544041450777258,log-sigma-4-0-mm-3D_glcm
original_glrlm_LongRunHighGrayLevelEmphasis,0.0005181347150259086,0.0015544041450777258,original_glrlm
original_glrlm_RunLengthNonUniformity,0.0005181347150259086,0.001554404145077726,original_glrlm
original_glszm_GrayLevelVariance,0.0005181347150259086,0.001554404145077726,original_glszm
original_glszm_LargeAreaLowGrayLevelEmphasis,0.0005181347150259086,0.001554404145077726,original_glszm
original_firstorder_Skewness,0.0005181347150259086,0.001554404145077726,original_firstorder
log-sigma-5-0-mm-3D_glcm_Autocorrelation,0.0005181347150259086,0.0015544041450777258,log-sigma-5-0-mm-3D_glcm
log-sigma-5-0-mm-3D_glcm_Idmn,0.0005181347150259086,0.001554404145077726,log-sigma-5-0-mm-3D_glcm
log-sigma-5-0-mm-3D_glcm_Imc2,0.0005181347150259086,0.001554404145077726,log-sigma-5-0-mm-3D_glcm
log-sigma-5-0-mm-3D_ngtdm_Complexity,0.0,0.0,log-sigma-5-0-mm-3D_ngtdm
log-sigma-5-0-mm-3D_glcm_Idn,0.0,0.0,log-sigma-5-0-mm-3D_glcm
log-sigma-5-0-mm-3D_glcm_Correlation,0.0,0.0,log-sigma-5-0-mm-3D_glcm
log-sigma-5-0-mm-3D_glcm_ClusterTendency,0.0,0.0,log-sigma-5-0-mm-3D_glcm
log-sigma-5-0-mm-3D_glcm_ClusterProminence,0.0,0.0,log-sigma-5-0-mm-3D_glcm
log-sigma-5-0-mm-3D_gldm_SmallDependenceHighGrayLevelEmphasis,0.0,0.0,log-sigma-5-0-mm-3D_gldm
original_glcm_ClusterProminence,0.0,0.0,original_glcm
original_glcm_Autocorrelation,0.0,0.0,original_glcm
original_firstorder_Range,0.0,0.0,original_firstorder
original_firstorder_MeanAbsoluteDeviation,0.0,0.0,original_firstorder
original_firstorder_Maximum,0.0,0.0,original_firstorder
original_firstorder_Kurtosis,0.0,0.0,original_firstorder
log-sigma-2-0-mm-3D_gldm_SmallDependenceEmphasis,0.0,0.0,log-sigma-2-0-mm-3D_gldm
log-sigma-2-0-mm-3D_gldm_LargeDependenceEmphasis,0.0,0.0,log-sigma-2-0-mm-3D_gldm
log-sigma-2-0-mm-3D_gldm_DependenceNonUniformityNormalized,0.0,0.0,log-sigma-2-0-mm-3D_gldm
log-sigma-2-0-mm-3D_gldm_DependenceEntropy,0.0,0.0,log-sigma-2-0-mm-3D_gldm
original_glszm_LargeAreaHighGrayLevelEmphasis,0.0,0.0,original_glszm
original_glszm_LargeAreaEmphasis,0.0,0.0,original_glszm
original_glszm_HighGrayLevelZoneEmphasis,0.0,0.0,original_glszm
original_glszm_GrayLevelNonUniformity,0.0,0.0,original_glszm
original_glrlm_RunLengthNonUniformityNormalized,0.0,0.0,original_glrlm
log-sigma-5-0-mm-3D_firstorder_Uniformity,0.0,0.0,log-sigma-5-0-mm-3D_firstorder
log-sigma-5-0-mm-3D_firstorder_Entropy,0.0,0.0,log-sigma-5-0-mm-3D_firstorder
log-sigma-4-0-mm-3D_ngtdm_Contrast,0.0,0.0,log-sigma-4-0-mm-3D_ngtdm
wavelet-LHH_firstorder_Skewness,0.0,0.0,wavelet-LHH_firstorder
log-sigma-4-0-mm-3D_glcm_MaximumProbability,0.0,0.0,log-sigma-4-0-mm-3D_glcm
log-sigma-4-0-mm-3D_glcm_Imc2,0.0,0.0,log-sigma-4-0-mm-3D_glcm
log-sigma-4-0-mm-3D_glcm_Idn,0.0,0.0,log-sigma-4-0-mm-3D_glcm
log-sigma-4-0-mm-3D_glcm_Contrast,0.0,0.0,log-sigma-4-0-mm-3D_glcm
log-sigma-4-0-mm-3D_glcm_ClusterTendency,0.0,0.0,log-sigma-4-0-mm-3D_glcm
log-sigma-4-0-mm-3D_glcm_ClusterProminence,0.0,0.0,log-sigma-4-0-mm-3D_glcm
log-sigma-4-0-mm-3D_firstorder_Variance,0.0,0.0,log-sigma-4-0-mm-3D_firstorder
wavelet-HHL_glcm_Imc1,0.0,0.0,wavelet-HHL_glcm
wavelet-HHL_glcm_Correlation,0.0,0.0,wavelet-HHL_glcm
wavelet-HHL_glcm_Autocorrelation,0.0,0.0,wavelet-HHL_glcm
wavelet-HHL_firstorder_Skewness,0.0,0.00327697166856828,wavelet-HHL_firstorder
wavelet-HHL_firstorder_Minimum,0.0,0.0,wavelet-HHL_firstorder
wavelet-HHH_firstorder_Kurtosis,0.0,0.0,wavelet-HHH_firstorder
wavelet-HLH_glrlm_ShortRunLowGrayLevelEmphasis,0.0,0.0,wavelet-HLH_glrlm
wavelet-HLH_glrlm_LongRunLowGrayLevelEmphasis,0.0,0.0,wavelet-HLH_glrlm
wavelet-HLH_glrlm_LongRunHighGrayLevelEmphasis,0.0,0.0,wavelet-HLH_glrlm
wavelet-HLH_glrlm_LongRunEmphasis,0.0,0.0,wavelet-HLH_glrlm
wavelet-HLH_gldm_LargeDependenceLowGrayLevelEmphasis,0.0,0.00327697166856828,wavelet-HLH_gldm
wavelet-HLH_gldm_LargeDependenceHighGrayLevelEmphasis,0.0,0.0,wavelet-HLH_gldm
wavelet-HLH_glcm_MCC,0.0,0.0,wavelet-HLH_glcm
wavelet-HLH_glcm_Imc2,0.0,0.0,wavelet-HLH_glcm
wavelet-HHL_firstorder_Maximum,0.0,0.005181347150259086,wavelet-HHL_firstorder
wavelet-HHL_firstorder_Entropy,0.0,0.0,wavelet-HHL_firstorder
wavelet-HLH_glszm_SmallAreaEmphasis,0.0,0.0,wavelet-HLH_glszm
wavelet-HHL_gldm_DependenceEntropy,0.0,0.0,wavelet-HHL_gldm
wavelet-HHL_glcm_MaximumProbability,0.0,0.0023171688886008267,wavelet-HHL_glcm
wavelet-HHL_ngtdm_Busyness,0.0,0.0,wavelet-HHL_ngtdm
wavelet-HHL_glszm_SmallAreaLowGrayLevelEmphasis,0.0,0.0,wavelet-HHL_glszm
wavelet-LHL_glszm_SmallAreaHighGrayLevelEmphasis,0.0,0.004634337777201653,wavelet-LHL_glszm
wavelet-LHL_glszm_SizeZoneNonUniformity,0.0,0.0,wavelet-LHL_glszm
wavelet-LHL_glszm_LargeAreaLowGrayLevelEmphasis,0.0,0.0,wavelet-LHL_glszm
wavelet-LHH_gldm_LargeDependenceHighGrayLevelEmphasis,0.0,0.0,wavelet-LHH_gldm
wavelet-LHH_glcm_Idmn,0.0,0.0,wavelet-LHH_glcm
wavelet-LHH_glcm_Correlation,0.0,0.0,wavelet-LHH_glcm
wavelet-HHL_glszm_LargeAreaLowGrayLevelEmphasis,0.0,0.0,wavelet-HHL_glszm
wavelet-HHL_glszm_LargeAreaHighGrayLevelEmphasis,0.0,0.0,wavelet-HHL_glszm
wavelet-HHL_glrlm_LongRunLowGrayLevelEmphasis,0.0,0.0,wavelet-HHL_glrlm
log-sigma-3-0-mm-3D_glrlm_LongRunLowGrayLevelEmphasis,0.0,0.0,log-sigma-3-0-mm-3D_glrlm
log-sigma-3-0-mm-3D_gldm_DependenceVariance,0.0,0.0,log-sigma-3-0-mm-3D_gldm
log-sigma-3-0-mm-3D_gldm_DependenceNonUniformityNormalized,0.0,0.0,log-sigma-3-0-mm-3D_gldm
log-sigma-3-0-mm-3D_gldm_DependenceEntropy,0.0,0.0,log-sigma-3-0-mm-3D_gldm
log-sigma-3-0-mm-3D_glcm_Imc2,0.0,0.0,log-sigma-3-0-mm-3D_glcm
wavelet-LHL_glszm_GrayLevelNonUniformity,0.0,0.0,wavelet-LHL_glszm
wavelet-LHL_glrlm_RunEntropy,0.0,0.0,wavelet-LHL_glrlm
wavelet-LHH_firstorder_Maximum,0.0,0.0,wavelet-LHH_firstorder
wavelet-LHH_firstorder_Kurtosis,0.0,0.0,wavelet-LHH_firstorder
wavelet-LHL_glcm_Idmn,0.0,0.0,wavelet-LHL_glcm
wavelet-LHL_glcm_Correlation,0.0,0.0,wavelet-LHL_glcm
wavelet-LHL_firstorder_Median,0.0,0.0,wavelet-LHL_firstorder
wavelet-HLL_gldm_SmallDependenceEmphasis,0.0,0.0,wavelet-HLL_gldm
wavelet-HLH_firstorder_Kurtosis,0.0,0.0,wavelet-HLH_firstorder
log-sigma-4-0-mm-3D_firstorder_Entropy,0.0,0.0,log-sigma-4-0-mm-3D_firstorder
log-sigma-3-0-mm-3D_ngtdm_Strength,0.0,0.0,log-sigma-3-0-mm-3D_ngtdm
log-sigma-3-0-mm-3D_glszm_SizeZoneNonUniformityNormalized,0.0,0.0023171688886008267,log-sigma-3-0-mm-3D_glszm
log-sigma-3-0-mm-3D_glrlm_ShortRunLowGrayLevelEmphasis,0.0,0.0,log-sigma-3-0-mm-3D_glrlm
log-sigma-4-0-mm-3D_firstorder_Uniformity,0.0,0.0,log-sigma-4-0-mm-3D_firstorder
wavelet-LHH_glszm_SmallAreaEmphasis,0.0,0.00327697166856828,wavelet-LHH_glszm
wavelet-LHH_glszm_LargeAreaEmphasis,0.0,0.0,wavelet-LHH_glszm
wavelet-LHH_glszm_GrayLevelNonUniformityNormalized,0.0,0.0023171688886008267,wavelet-LHH_glszm
wavelet-LHH_glszm_GrayLevelNonUniformity,0.0,0.0,wavelet-LHH_glszm
wavelet-LHH_glrlm_LongRunHighGrayLevelEmphasis,0.0,0.0,wavelet-LHH_glrlm
wavelet-LHH_glrlm_LongRunEmphasis,0.0,0.0,wavelet-LHH_glrlm
wavelet-LHH_gldm_LowGrayLevelEmphasis,0.0,0.0,wavelet-LHH_gldm
wavelet-LHL_firstorder_Mean,0.0,0.0,wavelet-LHL_firstorder
wavelet-LHL_glszm_LargeAreaEmphasis,0.0,0.0,wavelet-LHL_glszm
wavelet-HHH_gldm_DependenceEntropy,0.0,0.0,wavelet-HHH_gldm
wavelet-HHH_glcm_Correlation,0.0,0.0,wavelet-HHH_glcm
wavelet-HHH_firstorder_Maximum,0.0,0.0,wavelet-HHH_firstorder
wavelet-LLL_glcm_Contrast,0.0,0.0,wavelet-LLL_glcm
wavelet-HHH_glszm_ZoneEntropy,0.0,0.0,wavelet-HHH_glszm
wavelet-HHH_glszm_SizeZoneNonUniformityNormalized,0.0,0.0,wavelet-HHH_glszm
wavelet-HHH_glszm_LowGrayLevelZoneEmphasis,0.0,0.0,wavelet-HHH_glszm
wavelet-HHH_glrlm_LongRunHighGrayLevelEmphasis,0.0,0.0,wavelet-HHH_glrlm
wavelet-HHH_glrlm_LongRunEmphasis,0.0,0.0,wavelet-HHH_glrlm
wavelet-HHH_gldm_LargeDependenceLowGrayLevelEmphasis,0.0,0.0,wavelet-HHH_gldm
wavelet-LLL_glrlm_LongRunEmphasis,0.0,0.00401345424477454,wavelet-LLL_glrlm
wavelet-LLH_glszm_LargeAreaLowGrayLevelEmphasis,0.0,0.0,wavelet-LLH_glszm
wavelet-LLH_glszm_LargeAreaHighGrayLevelEmphasis,0.0,0.0,wavelet-LLH_glszm
log-sigma-4-0-mm-3D_glrlm_ShortRunLowGrayLevelEmphasis,0.0,0.0,log-sigma-4-0-mm-3D_glrlm
log-sigma-4-0-mm-3D_glrlm_GrayLevelVariance,0.0,0.0,log-sigma-4-0-mm-3D_glrlm
wavelet-LLL_glrlm_GrayLevelNonUniformityNormalized,0.0,0.0,wavelet-LLL_glrlm
wavelet-LLL_gldm_SmallDependenceHighGrayLevelEmphasis,0.0,0.0,wavelet-LLL_gldm
wavelet-LLL_gldm_SmallDependenceEmphasis,0.0,0.0,wavelet-LLL_gldm
wavelet-LLL_gldm_DependenceNonUniformity,0.0,0.0,wavelet-LLL_gldm
wavelet-LLL_glcm_Correlation,0.0,0.0,wavelet-LLL_glcm
wavelet-LLL_glszm_LowGrayLevelZoneEmphasis,0.0,0.0,wavelet-LLL_glszm
wavelet-LLL_glszm_LargeAreaLowGrayLevelEmphasis,0.0,0.0,wavelet-LLL_glszm
wavelet-LLL_glszm_LargeAreaHighGrayLevelEmphasis,0.0,0.0,wavelet-LLL_glszm
wavelet-LLH_glrlm_LongRunEmphasis,0.0,0.0,wavelet-LLH_glrlm
wavelet-LLH_gldm_DependenceNonUniformityNormalized,0.0,0.0,wavelet-LLH_gldm
wavelet-LLH_gldm_DependenceEntropy,0.0,0.0,wavelet-LLH_gldm
wavelet-LLH_ngtdm_Strength,0.0,0.0,wavelet-LLH_ngtdm
wavelet-LLH_glszm_ZoneEntropy,0.0,0.0,wavelet-LLH_glszm
wavelet-LLL_glszm_LargeAreaEmphasis,0.0,0.0,wavelet-LLL_glszm
wavelet-LLL_glszm_HighGrayLevelZoneEmphasis,0.0,0.0,wavelet-LLL_glszm
wavelet-LLL_glrlm_ShortRunHighGrayLevelEmphasis,0.0,0.0,wavelet-LLL_glrlm
wavelet-LLL_glrlm_RunLengthNonUniformity,0.0,0.0,wavelet-LLL_glrlm
log-sigma-3-0-mm-3D_glcm_ClusterTendency,0.0,0.0,log-sigma-3-0-mm-3D_glcm
log-sigma-3-0-mm-3D_glcm_ClusterShade,0.0,0.0,log-sigma-3-0-mm-3D_glcm
log-sigma-3-0-mm-3D_glcm_ClusterProminence,0.0,0.0,log-sigma-3-0-mm-3D_glcm
log-sigma-3-0-mm-3D_firstorder_Skewness,0.0,0.00327697166856828,log-sigma-3-0-mm-3D_firstorder
log-sigma-3-0-mm-3D_firstorder_Range,0.0,0.0,log-sigma-3-0-mm-3D_firstorder
log-sigma-3-0-mm-3D_firstorder_Entropy,0.0,0.0,log-sigma-3-0-mm-3D_firstorder
log-sigma-3-0-mm-3D_firstorder_90Percentile,0.0,0.0023171688886008267,log-sigma-3-0-mm-3D_firstorder
wavelet-LLH_glcm_Idn,0.0,0.0,wavelet-LLH_glcm
wavelet-LLH_glcm_Idmn,0.0,0.0,wavelet-LLH_glcm
wavelet-LLH_glcm_Correlation,0.0,0.0,wavelet-LLH_glcm
wavelet-LLH_firstorder_Skewness,0.0,0.0,wavelet-LLH_firstorder
wavelet-LLH_firstorder_Kurtosis,0.0,0.0,wavelet-LLH_firstorder
wavelet-LLH_firstorder_InterquartileRange,0.0,0.0,wavelet-LLH_firstorder
log-sigma-2-0-mm-3D_ngtdm_Strength,0.0,0.0,log-sigma-2-0-mm-3D_ngtdm
log-sigma-1-0-mm-3D_firstorder_Median,0.0,0.0,log-sigma-1-0-mm-3D_firstorder
wavelet-HLL_glrlm_RunLengthNonUniformityNormalized,0.0,0.0,wavelet-HLL_glrlm
wavelet-HLL_glrlm_LongRunLowGrayLevelEmphasis,0.0,0.0,wavelet-HLL_glrlm
wavelet-HLH_firstorder_Median,0.0,0.0,wavelet-HLH_firstorder
wavelet-HLH_firstorder_Maximum,0.0,0.0023171688886008267,wavelet-HLH_firstorder
wavelet-HLL_firstorder_Skewness,0.0,0.00401345424477454,wavelet-HLL_firstorder
wavelet-HLL_firstorder_Median,0.0,0.0,wavelet-HLL_firstorder
wavelet-HLL_firstorder_MeanAbsoluteDeviation,0.0,0.0,wavelet-HLL_firstorder
wavelet-HLL_firstorder_Entropy,0.0,0.0,wavelet-HLL_firstorder
wavelet-HLL_firstorder_Energy,0.0,0.0,wavelet-HLL_firstorder
wavelet-HLL_firstorder_10Percentile,0.0,0.0,wavelet-HLL_firstorder
wavelet-LHH_glszm_ZoneEntropy,0.0,0.0,wavelet-LHH_glszm
log-sigma-1-0-mm-3D_firstorder_Entropy,0.0,0.0,log-sigma-1-0-mm-3D_firstorder
log-sigma-1-0-mm-3D_firstorder_10Percentile,0.0,0.0,log-sigma-1-0-mm-3D_firstorder
wavelet-LLL_ngtdm_Strength,0.0,0.0,wavelet-LLL_ngtdm
wavelet-LLL_ngtdm_Complexity,0.0,0.0,wavelet-LLL_ngtdm
log-sigma-1-0-mm-3D_gldm_LargeDependenceLowGrayLevelEmphasis,0.0,0.0,log-sigma-1-0-mm-3D_gldm
log-sigma-1-0-mm-3D_gldm_DependenceVariance,0.0,0.0,log-sigma-1-0-mm-3D_gldm
log-sigma-1-0-mm-3D_gldm_DependenceEntropy,0.0,0.0,log-sigma-1-0-mm-3D_gldm
log-sigma-1-0-mm-3D_glcm_MaximumProbability,0.0,0.0,log-sigma-1-0-mm-3D_glcm
log-sigma-1-0-mm-3D_glcm_JointEnergy,0.0,0.0,log-sigma-1-0-mm-3D_glcm
log-sigma-1-0-mm-3D_glcm_ClusterShade,0.0,0.0,log-sigma-1-0-mm-3D_glcm
log-sigma-1-0-mm-3D_glcm_ClusterProminence,0.0,0.0,log-sigma-1-0-mm-3D_glcm
log-sigma-1-0-mm-3D_firstorder_Uniformity,0.0,0.0,log-sigma-1-0-mm-3D_firstorder
log-sigma-1-0-mm-3D_glszm_LargeAreaHighGrayLevelEmphasis,0.0,0.0,log-sigma-1-0-mm-3D_glszm
log-sigma-1-0-mm-3D_glszm_LargeAreaEmphasis,0.0,0.0,log-sigma-1-0-mm-3D_glszm
log-sigma-1-0-mm-3D_glszm_GrayLevelVariance,0.0,0.0,log-sigma-1-0-mm-3D_glszm
log-sigma-2-0-mm-3D_glszm_SmallAreaLowGrayLevelEmphasis,0.0,0.0,log-sigma-2-0-mm-3D_glszm
log-sigma-2-0-mm-3D_glszm_SmallAreaHighGrayLevelEmphasis,0.0,0.0023171688886008267,log-sigma-2-0-mm-3D_glszm
log-sigma-2-0-mm-3D_glszm_SizeZoneNonUniformityNormalized,0.0,0.0,log-sigma-2-0-mm-3D_glszm
log-sigma-2-0-mm-3D_glszm_LargeAreaLowGrayLevelEmphasis,0.0,0.0,log-sigma-2-0-mm-3D_glszm
log-sigma-2-0-mm-3D_glszm_LargeAreaHighGrayLevelEmphasis,0.0,0.0,log-sigma-2-0-mm-3D_glszm
log-sigma-2-0-mm-3D_glszm_LargeAreaEmphasis,0.0,0.0,log-sigma-2-0-mm-3D_glszm
log-sigma-2-0-mm-3D_glrlm_LongRunEmphasis,0.0,0.0,log-sigma-2-0-mm-3D_glrlm
log-sigma-2-0-mm-3D_firstorder_Variance,0.0,0.0,log-sigma-2-0-mm-3D_firstorder
log-sigma-2-0-mm-3D_firstorder_Uniformity,0.0,0.0,log-sigma-2-0-mm-3D_firstorder
original_firstorder_InterquartileRange,0.0,0.0,original_firstorder
wavelet-HLL_gldm_DependenceEntropy,0.0,0.0,wavelet-HLL_gldm
wavelet-HLL_glcm_InverseVariance,0.0,0.0,wavelet-HLL_glcm
wavelet-HLL_glcm_Imc1,0.0,0.0,wavelet-HLL_glcm
wavelet-HLL_glcm_Idmn,0.0,0.0,wavelet-HLL_glcm
wavelet-HLL_glcm_Id,0.0,0.0,wavelet-HLL_glcm
wavelet-HLL_glcm_DifferenceAverage,0.0,0.0,wavelet-HLL_glcm
wavelet-HLL_glcm_ClusterShade,0.0,0.0,wavelet-HLL_glcm
wavelet-HLL_glszm_SmallAreaHighGrayLevelEmphasis,0.0,0.0023171688886008267,wavelet-HLL_glszm
wavelet-HLL_glszm_SmallAreaEmphasis,0.0,0.0,wavelet-HLL_glszm
wavelet-HLL_glszm_SizeZoneNonUniformityNormalized,0.0,0.0,wavelet-HLL_glszm
wavelet-HLL_glszm_LargeAreaEmphasis,0.0,0.0,wavelet-HLL_glszm
log-sigma-2-0-mm-3D_firstorder_Maximum,0.0,0.0,log-sigma-2-0-mm-3D_firstorder
wavelet-LLH_firstorder_90Percentile,0.0,0.0,wavelet-LLH_firstorder
wavelet-LLH_firstorder_10Percentile,0.0,0.0,wavelet-LLH_firstorder
original_ngtdm_Strength,0.0,0.0,original_ngtdm
original_glszm_SmallAreaHighGrayLevelEmphasis,0.0,0.0,original_glszm
original_glszm_SizeZoneNonUniformityNormalized,0.0,0.0,original_glszm
log-sigma-2-0-mm-3D_firstorder_InterquartileRange,0.0,0.0,log-sigma-2-0-mm-3D_firstorder
log-sigma-2-0-mm-3D_firstorder_Entropy,0.0,0.0,log-sigma-2-0-mm-3D_firstorder
log-sigma-1-0-mm-3D_ngtdm_Strength,0.0,0.0,log-sigma-1-0-mm-3D_ngtdm
log-sigma-2-0-mm-3D_gldm_SmallDependenceHighGrayLevelEmphasis,0.0,0.0,log-sigma-2-0-mm-3D_gldm
original_gldm_SmallDependenceEmphasis,0.0,0.0,original_gldm
original_gldm_DependenceVariance,0.0,0.0,original_gldm
original_gldm_DependenceNonUniformity,0.0,0.0,original_gldm
log-sigma-2-0-mm-3D_glcm_Contrast,0.0,0.0,log-sigma-2-0-mm-3D_glcm
log-sigma-2-0-mm-3D_glcm_ClusterProminence,0.0,0.0,log-sigma-2-0-mm-3D_glcm
original_shape_Elongation,0.0,0.00401345424477454,original_shape
log-sigma-5-0-mm-3D_glszm_LargeAreaLowGrayLevelEmphasis,0.0,0.0,log-sigma-5-0-mm-3D_glszm
log-sigma-5-0-mm-3D_glrlm_LongRunHighGrayLevelEmphasis,0.0,0.0,log-sigma-5-0-mm-3D_glrlm
log-sigma-5-0-mm-3D_ngtdm_Contrast,0.0,0.0,log-sigma-5-0-mm-3D_ngtdm
original_shape_SurfaceVolumeRatio,-0.0005181347150259086,0.001554404145077726,original_shape
original_glcm_ClusterShade,-0.0005181347150259086,0.001554404145077726,original_glcm
log-sigma-2-0-mm-3D_glcm_MaximumProbability,-0.0005181347150259086,0.001554404145077726,log-sigma-2-0-mm-3D_glcm
log-sigma-1-0-mm-3D_ngtdm_Busyness,-0.0005181347150259086,0.0015544041450777258,log-sigma-1-0-mm-3D_ngtdm
log-sigma-2-0-mm-3D_firstorder_90Percentile,-0.0005181347150259086,0.002790240832712188,log-sigma-2-0-mm-3D_firstorder
log-sigma-1-0-mm-3D_glszm_LargeAreaLowGrayLevelEmphasis,-0.0005181347150259086,0.001554404145077726,log-sigma-1-0-mm-3D_glszm
log-sigma-3-0-mm-3D_firstorder_Kurtosis,-0.0005181347150259086,0.001554404145077726,log-sigma-3-0-mm-3D_firstorder
log-sigma-1-0-mm-3D_firstorder_Kurtosis,-0.0005181347150259086,0.001554404145077726,log-sigma-1-0-mm-3D_firstorder
wavelet-LLL_ngtdm_Contrast,-0.0005181347150259086,0.001554404145077726,wavelet-LLL_ngtdm
wavelet-HHH_glszm_SizeZoneNonUniformity,-0.0005181347150259086,0.00362694300518136,wavelet-HHH_glszm
wavelet-HHL_glszm_ZoneEntropy,-0.0005181347150259086,0.001554404145077726,wavelet-HHL_glszm
wavelet-HHL_glszm_GrayLevelVariance,-0.0005181347150259086,0.002790240832712188,wavelet-HHL_glszm
wavelet-HHL_glrlm_RunEntropy,-0.0005181347150259086,0.001554404145077726,wavelet-HHL_glrlm
wavelet-LHH_gldm_LargeDependenceLowGrayLevelEmphasis,-0.0005181347150259086,0.001554404145077726,wavelet-LHH_gldm
wavelet-LHH_glrlm_LongRunLowGrayLevelEmphasis,-0.0005181347150259086,0.001554404145077726,wavelet-LHH_glrlm
wavelet-LHH_gldm_LargeDependenceEmphasis,-0.0005181347150259086,0.002790240832712188,wavelet-LHH_gldm
log-sigma-4-0-mm-3D_glcm_Idmn,-0.0005181347150259086,0.001554404145077726,log-sigma-4-0-mm-3D_glcm
wavelet-LHL_ngtdm_Strength,-0.0005181347150259086,0.001554404145077726,wavelet-LHL_ngtdm
wavelet-HLL_glcm_MaximumProbability,-0.0005181347150259086,0.001554404145077726,wavelet-HLL_glcm
wavelet-HLL_firstorder_Kurtosis,-0.0005181347150259086,0.0036269430051813598,wavelet-HLL_firstorder
wavelet-HLH_firstorder_Minimum,-0.0005181347150259086,0.001554404145077726,wavelet-HLH_firstorder
wavelet-HLH_glszm_SizeZoneNonUniformityNormalized,-0.0005181347150259086,0.004303950188040469,wavelet-HLH_glszm
wavelet-HHL_firstorder_Mean,-0.0005181347150259086,0.001554404145077726,wavelet-HHL_firstorder
wavelet-HLH_glcm_Idmn,-0.0005181347150259086,0.001554404145077726,wavelet-HLH_glcm
wavelet-HLH_glszm_LowGrayLevelZoneEmphasis,-0.0005181347150259086,0.002790240832712188,wavelet-HLH_glszm
wavelet-LHL_glcm_MaximumProbability,-0.0005181347150259086,0.001554404145077726,wavelet-LHL_glcm
log-sigma-4-0-mm-3D_glszm_GrayLevelVariance,-0.0005181347150259086,0.00362694300518136,log-sigma-4-0-mm-3D_glszm
wavelet-HLL_glszm_LargeAreaLowGrayLevelEmphasis,-0.0005181347150259086,0.001554404145077726,wavelet-HLL_glszm
wavelet-HLL_gldm_LargeDependenceLowGrayLevelEmphasis,-0.0005181347150259086,0.001554404145077726,wavelet-HLL_gldm
log-sigma-5-0-mm-3D_ngtdm_Strength,-0.0005181347150259086,0.001554404145077726,log-sigma-5-0-mm-3D_ngtdm
wavelet-LLH_glrlm_LongRunLowGrayLevelEmphasis,-0.0005181347150259086,0.002790240832712188,wavelet-LLH_glrlm
wavelet-LLH_gldm_DependenceVariance,-0.0005181347150259086,0.004303950188040469,wavelet-LLH_gldm
wavelet-LLH_gldm_LargeDependenceEmphasis,-0.0005181347150259086,0.001554404145077726,wavelet-LLH_gldm
original_glrlm_LongRunLowGrayLevelEmphasis,-0.0005181347150259086,0.001554404145077726,original_glrlm
original_glszm_GrayLevelNonUniformityNormalized,-0.0005181347150259086,0.005409485237777506,original_glszm
original_shape_LeastAxisLength,-0.0005181347150259086,0.00362694300518136,original_shape
log-sigma-4-0-mm-3D_ngtdm_Strength,-0.0005181347150259086,0.001554404145077726,log-sigma-4-0-mm-3D_ngtdm
wavelet-LLH_glszm_GrayLevelNonUniformityNormalized,-0.0010362694300518171,0.0020725388601036342,wavelet-LLH_glszm
wavelet-LLH_glszm_GrayLevelVariance,-0.0010362694300518171,0.0020725388601036342,wavelet-LLH_glszm
log-sigma-4-0-mm-3D_glszm_SmallAreaLowGrayLevelEmphasis,-0.0010362694300518171,0.0020725388601036342,log-sigma-4-0-mm-3D_glszm
wavelet-HLL_ngtdm_Strength,-0.0010362694300518171,0.0020725388601036342,wavelet-HLL_ngtdm
wavelet-HLH_glszm_GrayLevelNonUniformityNormalized,-0.0010362694300518171,0.0020725388601036342,wavelet-HLH_glszm
log-sigma-4-0-mm-3D_firstorder_Kurtosis,-0.0010362694300518171,0.0020725388601036342,log-sigma-4-0-mm-3D_firstorder
wavelet-LHL_firstorder_Maximum,-0.0010362694300518171,0.0031088082901554515,wavelet-LHL_firstorder
wavelet-LHL_firstorder_Entropy,-0.0010362694300518171,0.0020725388601036342,wavelet-LHL_firstorder
log-sigma-1-0-mm-3D_gldm_SmallDependenceEmphasis,-0.0010362694300518171,0.003108808290155452,log-sigma-1-0-mm-3D_gldm
wavelet-LLL_gldm_LowGrayLevelEmphasis,-0.0010362694300518171,0.0020725388601036342,wavelet-LLL_gldm
wavelet-HHH_glcm_MCC,-0.0010362694300518171,0.0020725388601036342,wavelet-HHH_glcm
wavelet-HHL_glcm_Idmn,-0.0010362694300518171,0.0020725388601036342,wavelet-HHL_glcm
log-sigma-1-0-mm-3D_gldm_DependenceNonUniformityNormalized,-0.0010362694300518171,0.0031088082901554515,log-sigma-1-0-mm-3D_gldm
log-sigma-1-0-mm-3D_glrlm_RunEntropy,-0.0010362694300518171,0.0020725388601036342,log-sigma-1-0-mm-3D_glrlm
log-sigma-1-0-mm-3D_firstorder_InterquartileRange,-0.0010362694300518171,0.0020725388601036342,log-sigma-1-0-mm-3D_firstorder
log-sigma-1-0-mm-3D_firstorder_90Percentile,-0.0010362694300518171,0.0020725388601036342,log-sigma-1-0-mm-3D_firstorder
wavelet-HHH_glcm_Imc2,-0.0010362694300518171,0.0020725388601036342,wavelet-HHH_glcm
log-sigma-2-0-mm-3D_glszm_SmallAreaEmphasis,-0.0010362694300518171,0.0020725388601036342,log-sigma-2-0-mm-3D_glszm
log-sigma-2-0-mm-3D_gldm_DependenceVariance,-0.0010362694300518171,0.003877365167641404,log-sigma-2-0-mm-3D_gldm
log-sigma-5-0-mm-3D_glszm_LowGrayLevelZoneEmphasis,-0.0010362694300518171,0.0020725388601036342,log-sigma-5-0-mm-3D_glszm
wavelet-LLH_glszm_SmallAreaHighGrayLevelEmphasis,-0.0010362694300518171,0.0020725388601036342,wavelet-LLH_glszm
wavelet-LLH_glszm_SmallAreaEmphasis,-0.0010362694300518171,0.0031088082901554515,wavelet-LLH_glszm
wavelet-LLH_firstorder_Minimum,-0.0010362694300518171,0.0020725388601036342,wavelet-LLH_firstorder
wavelet-LLH_glszm_SizeZoneNonUniformityNormalized,-0.0010362694300518171,0.0020725388601036342,wavelet-LLH_glszm
original_glszm_SmallAreaEmphasis,-0.0015544041450777258,0.003317680952037757,original_glszm
original_gldm_LowGrayLevelEmphasis,-0.0015544041450777258,0.0023743915517905993,original_gldm
log-sigma-4-0-mm-3D_glrlm_LongRunLowGrayLevelEmphasis,-0.0015544041450777258,0.0023743915517905993,log-sigma-4-0-mm-3D_glrlm
wavelet-LLH_glrlm_RunEntropy,-0.0015544041450777258,0.0023743915517905993,wavelet-LLH_glrlm
wavelet-HLL_glszm_ZoneEntropy,-0.0015544041450777258,0.0023743915517905993,wavelet-HLL_glszm
wavelet-HLL_glszm_SmallAreaLowGrayLevelEmphasis,-0.0015544041450777258,0.0023743915517905993,wavelet-HLL_glszm
wavelet-HHL_gldm_LargeDependenceLowGrayLevelEmphasis,-0.0015544041450777258,0.0023743915517905993,wavelet-HHL_gldm
wavelet-LHL_glszm_ZoneEntropy,-0.0015544041450777258,0.0023743915517905993,wavelet-LHL_glszm
wavelet-LHH_glrlm_RunEntropy,-0.0015544041450777258,0.004046761490107089,wavelet-LHH_glrlm
wavelet-LHH_glcm_MaximumProbability,-0.0015544041450777258,0.0023743915517905993,wavelet-LHH_glcm
wavelet-LHH_glszm_SizeZoneNonUniformityNormalized,-0.0015544041450777258,0.0023743915517905993,wavelet-LHH_glszm
wavelet-LHL_glrlm_LongRunEmphasis,-0.0015544041450777258,0.004663212435233177,wavelet-LHL_glrlm
log-sigma-1-0-mm-3D_glcm_Idmn,-0.0015544041450777258,0.0023743915517905993,log-sigma-1-0-mm-3D_glcm
log-sigma-1-0-mm-3D_glcm_MCC,-0.0015544041450777258,0.003317680952037757,log-sigma-1-0-mm-3D_glcm
wavelet-LLL_glrlm_ShortRunLowGrayLevelEmphasis,-0.0015544041450777258,0.0023743915517905993,wavelet-LLL_glrlm
log-sigma-1-0-mm-3D_glszm_ZonePercentage,-0.0015544041450777258,0.003317680952037757,log-sigma-1-0-mm-3D_glszm
wavelet-HHH_gldm_LargeDependenceEmphasis,-0.0015544041450777258,0.003317680952037757,wavelet-HHH_gldm
wavelet-LHL_gldm_DependenceEntropy,-0.0020725388601036342,0.0034369168811973177,wavelet-LHL_gldm
wavelet-LHL_glcm_Imc2,-0.0020725388601036342,0.002538331339671696,wavelet-LHL_glcm
wavelet-LHL_gldm_DependenceNonUniformityNormalized,-0.0020725388601036342,0.002538331339671696,wavelet-LHL_gldm
log-sigma-2-0-mm-3D_glszm_GrayLevelNonUniformity,-0.0020725388601036342,0.004145077720207269,log-sigma-2-0-mm-3D_glszm
wavelet-LLL_gldm_LargeDependenceLowGrayLevelEmphasis,-0.0020725388601036342,0.002538331339671696,wavelet-LLL_gldm
log-sigma-1-0-mm-3D_glszm_ZoneEntropy,-0.0020725388601036342,0.004145077720207269,log-sigma-1-0-mm-3D_glszm
wavelet-HLL_glszm_LowGrayLevelZoneEmphasis,-0.0020725388601036342,0.002538331339671696,wavelet-HLL_glszm
wavelet-HLL_glcm_MCC,-0.0020725388601036342,0.004748783103581198,wavelet-HLL_glcm
log-sigma-2-0-mm-3D_glszm_LowGrayLevelZoneEmphasis,-0.002590673575129543,0.002590673575129543,log-sigma-2-0-mm-3D_glszm
log-sigma-3-0-mm-3D_firstorder_Minimum,-0.002590673575129543,0.002590673575129543,log-sigma-3-0-mm-3D_firstorder
wavelet-HHL_glszm_SizeZoneNonUniformityNormalized,-0.002590673575129543,0.002590673575129543,wavelet-HHL_glszm
wavelet-LLL_gldm_LargeDependenceHighGrayLevelEmphasis,-0.002590673575129543,0.002590673575129543,wavelet-LLL_gldm
wavelet-LLL_glrlm_LongRunLowGrayLevelEmphasis,-0.002590673575129543,0.00347575333290124,wavelet-LLL_glrlm
wavelet-LLL_glcm_Imc2,-0.002590673575129543,0.00347575333290124,wavelet-LLL_glcm
wavelet-LLL_glcm_Autocorrelation,-0.002590673575129543,0.00347575333290124,wavelet-LLL_glcm
wavelet-LHH_glszm_LowGrayLevelZoneEmphasis,-0.002590673575129543,0.004177335620880092,wavelet-LHH_glszm
log-sigma-3-0-mm-3D_glszm_GrayLevelNonUniformityNormalized,-0.002590673575129543,0.004177335620880093,log-sigma-3-0-mm-3D_glszm
wavelet-LHL_gldm_LargeDependenceEmphasis,-0.002590673575129543,0.004776966040048145,wavelet-LHL_gldm
log-sigma-2-0-mm-3D_firstorder_Skewness,-0.0031088082901554515,0.004748783103581198,log-sigma-2-0-mm-3D_firstorder
original_glszm_ZoneEntropy,-0.0031088082901554515,0.002538331339671696,original_glszm
wavelet-HHL_glcm_MCC,-0.0031088082901554515,0.004145077720207269,wavelet-HHL_glcm
wavelet-HLL_glszm_GrayLevelNonUniformityNormalized,-0.0031088082901554515,0.004145077720207269,wavelet-HLL_glszm
log-sigma-1-0-mm-3D_gldm_LargeDependenceEmphasis,-0.0031088082901554515,0.004145077720207269,log-sigma-1-0-mm-3D_gldm
log-sigma-2-0-mm-3D_glszm_ZoneEntropy,-0.00362694300518136,0.0023743915517905993,log-sigma-2-0-mm-3D_glszm
wavelet-LLL_glszm_GrayLevelNonUniformityNormalized,-0.00362694300518136,0.0023743915517905993,wavelet-LLL_glszm
log-sigma-1-0-mm-3D_glrlm_ShortRunEmphasis,-0.00362694300518136,0.0046632124352331775,log-sigma-1-0-mm-3D_glrlm
log-sigma-3-0-mm-3D_glszm_ZoneEntropy,-0.00362694300518136,0.0052071894409952985,log-sigma-3-0-mm-3D_glszm
original_shape_MajorAxisLength,-0.00362694300518136,0.0052071894409952985,original_shape
log-sigma-1-0-mm-3D_glrlm_RunLengthNonUniformityNormalized,-0.0041450777202072684,0.0038773651676414036,log-sigma-1-0-mm-3D_glrlm
log-sigma-1-0-mm-3D_glszm_GrayLevelNonUniformity,-0.0041450777202072684,0.0020725388601036342,log-sigma-1-0-mm-3D_glszm
wavelet-LLL_glrlm_LongRunHighGrayLevelEmphasis,-0.0041450777202072684,0.0020725388601036342,wavelet-LLL_glrlm
wavelet-LHL_firstorder_Kurtosis,-0.0041450777202072684,0.0020725388601036342,wavelet-LHL_firstorder
log-sigma-2-0-mm-3D_firstorder_Range,-0.0046632124352331775,0.0015544041450777258,log-sigma-2-0-mm-3D_firstorder
wavelet-LLL_glszm_GrayLevelVariance,-0.0046632124352331775,0.0015544041450777258,wavelet-LLL_glszm
log-sigma-2-0-mm-3D_glszm_GrayLevelNonUniformityNormalized,-0.0046632124352331775,0.004888073125417947,log-sigma-2-0-mm-3D_glszm
log-sigma-1-0-mm-3D_glszm_GrayLevelNonUniformityNormalized,-0.0046632124352331775,0.002790240832712188,log-sigma-1-0-mm-3D_glszm
log-sigma-5-0-mm-3D_glszm_SmallAreaLowGrayLevelEmphasis,-0.0051813471502590745,0.005675881424924,log-sigma-5-0-mm-3D_glszm
log-sigma-2-0-mm-3D_firstorder_Minimum,-0.005181347150259086,0.0,log-sigma-2-0-mm-3D_firstorder
log-sigma-1-0-mm-3D_firstorder_Skewness,-0.005699481865284984,0.005409485237777486,log-sigma-1-0-mm-3D_firstorder
wavelet-LLL_glszm_ZoneEntropy,-0.006217616580310892,0.005076662679343372,wavelet-LLL_glszm
wavelet-HHL_firstorder_Kurtosis,-0.006217616580310903,0.003877365167641404,wavelet-HHL_firstorder
wavelet-LLH_glrlm_ShortRunLowGrayLevelEmphasis,-0.006217616580310903,0.003877365167641404,wavelet-LLH_glrlm
log-sigma-2-0-mm-3D_glrlm_LongRunHighGrayLevelEmphasis,-0.006735751295336811,0.003317680952037757,log-sigma-2-0-mm-3D_glrlm
