stem,cat,solid_fraction
MT_001,MTs,0.3914968087296685
MT_002,MTs,0.024374735311513605
MT_003,MTs,0.1418283144996617
MT_004,MTs,0.24870843338426835
MT_005,MTs,0.011257813952823036
MT_006,MTs,0.36311227891289855
MT_007,MTs,0.06874852280784685
MT_008,MTs,0.24486647463750427
MT_009,MTs,0.4154303098461583
MT_010,MTs,0.23721532516648852
MT_011,MTs,0.3654172496948406
MT_012,MTs,0.2383479539956293
MT_013,MTs,0.5013247116228774
MT_014,MTs,0.399371616842659
MT_015,MTs,0.3121319796954315
MT_016,MTs,0.22581029551954243
MT_017,MTs,0.4398189218807076
MT_018,MTs,0.5177686882657014
MT_019,MTs,0.1356975413163448
MT_020,MTs,0.1434537424528995
MT_021,MTs,0.73109375
MT_022,MTs,0.24097581240768096
MT_023,MTs,0.36141853932584267
MT_024,MTs,0.44920916856973697
MT_025,MTs,0.34625860227624605
MT_026,MTs,0.7230898369166525
MT_027,MTs,0.30653793103448274
MT_028,MTs,0.5481129733480162
MT_029,MTs,0.2757555991758208
MT_030,MTs,0.27591655949202104
MT_031,MTs,0.3037530307687054
MT_032,MTs,0.4416935933147632
MT_033,MTs,0.2672989505583927
MT_034,MTs,0.06895539529800353
MT_035,MTs,0.37043042755393174
MT_036,MTs,0.2623900515620261
MT_037,MTs,0.31389592725816584
MT_038,MTs,0.5355597470320648
MT_039,MTs,0.07058713537771129
MT_040,MTs,0.13298626025898752
MT_041,MTs,0.021651803647465252
MT_042,MTs,0.07657661182005722
MT_043,MTs,0.11652136804243127
MT_044,MTs,0.06754338660653005
MT_045,MTs,0.8330337042687807
MT_046,MTs,0.19997812720246919
MT_047,MTs,0.4290319331117155
MT_048,MTs,0.11709691683395357
MT_049,MTs,0.31572623235171565
MT_050,MTs,0.3856936630644487
MT_051,MTs,0.2406496062992126
MT_052,MTs,0.1622573074461276
MT_053,MTs,0.19314340149316556
MT_054,MTs,0.043663977218794496
MT_055,MTs,0.4392263246899662
MT_056,MTs,0.09305064782096584
MT_057,MTs,0.7336095124477248
MT_058,MTs,0.7144010043041606
MT_059,MTs,0.0768695652173913
MT_060,MTs,0.5923620161634875
MT_061,MTs,0.2839443377661729
MT_062,MTs,0.7255479488404182
MT_063,MTs,0.2048780487804878
MT_064,MTs,0.19054110133834395
MT_065,MTs,0.09381198419033772
MT_066,MTs,0.2539308824521808
MT_067,MTs,0.6415050784856879
MT_068,MTs,0.14664960417529202
MT_069,MTs,0.3615206001030507
MT_070,MTs,0.47257319893240723
MT_071,MTs,0.3309270081356709
MT_072,MTs,0.5754725432231479
MT_073,MTs,0.5225356991647743
MT_074,MTs,0.5981547924141466
MT_075,MTs,0.6101335125208553
MT_076,MTs,0.46924774045634426
MT_077,MTs,0.7052665184174024
MT_078,MTs,0.6654885001316941
MT_079,MTs,0.49411764705882355
MT_080,MTs,0.8203567902193328
MT_081,MTs,0.8962140824853254
MT_082,MTs,0.4770105133806663
MT_083,MTs,0.49500043543317684
MT_084,MTs,0.8842777334397446
MT_085,MTs,0.5553604139519952
MT_086,MTs,0.45335029686174727
MT_087,MTs,0.10899916311555415
MT_088,MTs,0.36054868026328396
MT_089,MTs,0.17826673320738126
MT_090,MTs,0.25413397478684685
MT_091,MTs,0.23281336059813748
MT_092,MTs,0.1657243938815858
MT_093,MTs,0.14283843995339238
MT_094,MTs,0.5785085687818434
MT_095,MTs,0.3673252630732088
MT_096,MTs,0.6143255558174248
MT_097,MTs,0.6935811338435108
MT_098,MTs,0.10039915055425223
MT_099,MTs,0.055985082120060245
MT_100,MTs,0.6558065286524127
MT_101,MTs,0.2304758746476538
MT_102,MTs,0.39370843607561834
MT_103,MTs,0.5189507461291629
MT_104,MTs,0.22506077760352597
MT_105,MTs,0.7191560923406207
MT_106,MTs,0.37440742091348345
MT_107,MTs,0.4608318240409875
MT_108,MTs,0.21459015072755103
MT_109,MTs,0.5335109791884508
MT_110,MTs,0.8018232263178755
MT_111,MTs,0.4850498338870432
MT_112,MTs,0.08939661986675199
MT_113,MTs,0.4203171242544279
MT_114,MTs,0.12807250221043323
MT_115,MTs,0.29380158625441644
MT_116,MTs,0.7866760575050752
MT_117,MTs,0.8967275494672755
MT_118,MTs,0.41125854443104143
MT_119,MTs,0.1406057937512613
MT_120,MTs,0.036585365853658534
MT_121,MTs,0.3482857096496779
MT_122,MTs,0.13885051375538615
MT_123,MTs,0.5048020268677822
MT_124,MTs,0.6779324055666004
MT_125,MTs,0.3651216480198899
MT_126,MTs,0.11358885017421602
MT_127,MTs,0.14514894268556167
MT_128,MTs,0.514811942613416
MT_129,MTs,0.08897541577781
MT_130,MTs,0.375609756097561
MT_131,MTs,0.9790440970471228
MT_132,MTs,0.12277201921219229
MT_133,MTs,0.25186126747775556
MT_134,MTs,0.214653203253421
MT_135,MTs,0.6379952063535825
MT_136,MTs,0.1505620266291365
MT_137,MTs,0.6291696540326402
MT_138,MTs,0.7190885809967824
MT_139,MTs,0.6575470768017352
MT_140,MTs,0.44712173000778366
MT_141,MTs,0.5270751679731243
MT_142,MTs,0.883499466002136
MT_143,MTs,0.7711168597458103
MT_144,MTs,0.38851811815575504
MT_145,MTs,0.2560267660611041
MT_146,MTs,0.3376018137543035
MT_147,MTs,0.5604190606951512
MT_148,MTs,0.6754908081859174
MT_149,MTs,0.4893943134592437
MT_150,MTs,0.7145927106776694
MT_151,MTs,0.21274366745238896
MT_152,MTs,0.1548739214328427
MT_153,MTs,0.11695546569249904
MT_154,MTs,0.2796749331097001
MT_155,MTs,0.5512941391161532
MT_156,MTs,0.4373748266830997
MT_157,MTs,0.3220044566187076
MT_158,MTs,0.6503227859610838
MT_159,MTs,0.1147912885662432
MT_160,MTs,0.18533120608719664
MT_161,MTs,0.25663894984799374
MT_162,MTs,0.1721361623272597
MT_163,MTs,0.7613832853025937
MT_164,MTs,0.22284840531428396
MT_165,MTs,0.6148707873658757
MT_166,MTs,0.17539468617635734
MT_167,MTs,0.290853254831844
MT_168,MTs,0.6234794576707956
MT_169,MTs,0.10795873366382679
MT_170,MTs,0.11160828240664274
MT_171,MTs,0.6244683576735844
MT_172,MTs,0.721412037037037
MT_173,MTs,0.39629419550009454
MT_174,MTs,0.31821325047837373
MT_175,MTs,0.1938887256604076
MT_176,MTs,0.6538045438153625
MT_177,MTs,0.39583968511009643
MT_178,MTs,0.6415048933098026
MT_179,MTs,0.20834283857992528
MT_180,MTs,0.32672527576128974
MT_181,MTs,0.17456393542239224
MT_182,MTs,0.7826214589754881
MT_183,MTs,0.41569293227532755
MT_184,MTs,0.40396844949841015
MT_185,MTs,0.8031236129604972
MT_186,MTs,0.5585264603013761
MT_187,MTs,0.30415889610568575
MT_188,MTs,0.605149989511223
MT_189,MTs,0.1727340446898684
MT_190,MTs,0.37854230335517824
MT_191,MTs,0.7831861102650015
MT_192,MTs,0.41593482171198815
MT_193,MTs,0.682610514572584
MT_194,MTs,0.5964845242644249
MT_195,MTs,0.474603507301055
MT_196,MTs,0.3779648772334236
MT_197,MTs,0.5632895874466081
MT_198,MTs,0.28576176718738017
MT_199,MTs,0.8272954954319376
MT_200,MTs,0.45587359863011423
MT_201,MTs,0.2889582218900608
MT_202,MTs,0.16483632941548845
MT_203,MTs,0.4693761814744801
MT_204,MTs,0.11903911103938769
MT_205,MTs,0.3318590616386454
MT_206,MTs,0.6772555656815519
MT_207,MTs,0.46113278390193907
MT_208,MTs,0.08564578928683844
MT_209,MTs,0.1730113107669403
MT_210,MTs,0.49825662482566246
MT_211,MTs,0.6696118469966532
MT_212,MTs,0.5871962915601023
MT_213,MTs,0.36901242413358015
MT_214,MTs,0.2518899039724468
MT_215,MTs,0.17834495716371732
MT_216,MTs,0.13444754497417324
MT_217,MTs,0.6793048973143759
MT_218,MTs,0.2559418680930514
MT_219,MTs,0.10683806875408403
MT_220,MTs,0.20221136814985777
MT_221,MTs,0.3687603283578079
MT_222,MTs,0.32417175715265223
MT_223,MTs,0.14097484295243534
MT_224,MTs,0.5635297885644855
MT_225,MTs,0.24442059126078983
MT_226,MTs,0.24773092747967812
MT_227,MTs,0.3183262194740334
MT_228,MTs,0.2823803401179011
MT_229,MTs,0.3966813340785113
MT_230,MTs,0.17724649629018963
MT_231,MTs,0.5826342644642394
MT_232,MTs,0.24556737588652483
MT_233,MTs,0.49120285473559006
MT_234,MTs,0.22904387810887522
MT_235,MTs,0.8274371591967017
MT_236,MTs,0.10353477765108324
MT_237,MTs,0.19092114214419584
MT_238,MTs,0.08708011835006091
MT_239,MTs,0.15100346883613647
MT_240,MTs,0.32884270541174304
MT_241,MTs,0.7912591050988553
MT_242,MTs,0.3888489830666294
MT_243,MTs,0.40634996419193126
MT_244,MTs,0.24257538295393186
MT_245,MTs,0.954477050413845
MT_246,MTs,0.30679158461467054
MT_247,MTs,0.09334559571931253
MT_248,MTs,0.3784066430097339
MT_249,MTs,0.21708496387718243
MT_250,MTs,0.17704610122927267
MT_251,MTs,0.40226565137477027
MT_252,MTs,0.1956745623069001
MT_253,MTs,0.016571923345676972
MT_254,MTs,0.9031415037839604
MT_255,MTs,0.35441710669213194
MT_256,MTs,0.08417682502436018
MT_257,MTs,0.11883765131465482
MT_258,MTs,0.6292860024203307
MT_259,MTs,0.1817247483877659
MT_260,MTs,0.6158197901666324
MT_261,MTs,0.1767144412191582
MT_262,MTs,0.680338266384778
MT_263,MTs,0.20903361344537816
MT_264,MTs,0.568097988725729
MT_265,MTs,0.22993238567523513
MT_266,MTs,0.8088529142818437
MT_267,MTs,0.26603894031279923
MT_268,MTs,0.5446829984402238
MT_269,MTs,0.11867761311972091
MT_270,MTs,0.5800117808757118
MT_271,MTs,0.24946268656716417
MT_272,MTs,0.1214765506807867
MT_273,MTs,0.7141811527904849
MT_274,MTs,0.3961576917583202
MT_275,MTs,0.17238227244017124
MT_276,MTs,0.496987529774415
MT_277,MTs,0.7037037037037037
MT_278,MTs,0.154881971818223
MT_279,MTs,0.27015592892542006
MT_280,MTs,0.26425591098748263
MT_281,MTs,0.6512932804160394
MT_282,MTs,0.15943506922064268
MT_283,MTs,0.7641937925813778
MT_284,MTs,0.6080439089475599
MT_285,MTs,0.11618470682363699
MT_286,MTs,0.11398868110236221
MT_287,MTs,0.06990497516722648
MT_288,MTs,0.2963369159903488
MT_289,MTs,0.07929515418502203
MT_290,MTs,0.39268543956043955
MT_291,MTs,0.521272568984443
MT_292,MTs,0.23587312529002766
MT_293,MTs,0.28828193101158106
MT_294,MTs,0.15719847465410186
MT_295,MTs,0.1826985079936851
MT_296,MTs,0.25938319493006995
MT_297,MTs,0.14207221350078492
MT_298,MTs,0.23058632488546077
MT_299,MTs,0.655303273943526
MT_300,MTs,0.8148258410241144
MT_301,MTs,0.35700912241564753
MT_302,MTs,0.8087437395659433
MT_303,MTs,0.2697197234406364
MT_304,MTs,0.49034192808631993
MT_305,MTs,0.6852707666785164
MT_306,MTs,0.03398373172313988
MT_307,MTs,0.5503963197696546
MT_308,MTs,0.14282771962603072
MT_309,MTs,0.37773268722304626
MT_310,MTs,0.42342489047277554
MT_311,MTs,0.4223042680611409
MT_312,MTs,0.21016054176927448
MT_313,MTs,0.07093333333333333
MT_314,MTs,0.19902768738102003
MT_315,MTs,0.505450968116979
MT_316,MTs,0.08965382089362514
MT_317,MTs,0.20809237242526543
MT_318,MTs,0.19115620995490878
MT_319,MTs,0.17301472844860155
MT_320,MTs,0.040993280313018333
MT_321,MTs,0.8717885204157461
MT_322,MTs,0.24019739613633173
MT_323,MTs,0.4777116480062856
MT_324,MTs,0.1680965157504177
MT_325,MTs,0.9272916008484903
MT_326,MTs,0.186232932120707
MT_327,MTs,0.2874746529402589
MT_328,MTs,0.21750883759617384
MT_329,MTs,0.2481030695178376
MT_330,MTs,0.20650387641861453
MT_331,MTs,0.3738067909396022
MT_332,MTs,0.22242817423540315
MT_333,MTs,0.0938655440500459
MT_334,MTs,0.5349464162377737
MT_335,MTs,0.08875779014837322
MT_336,MTs,0.8052917266024789
MT_337,MTs,0.40977776508226693
MT_338,MTs,0.09507248187243418
MT_339,MTs,0.009898444530145262
MT_340,MTs,0.10812934810615821
MT_341,MTs,0.34713964325887836
MT_342,MTs,0.189171974522293
MT_343,MTs,0.3827718790786271
MT_344,MTs,0.331849074291071
MT_345,MTs,0.053973013493253376
MT_346,MTs,0.2299722053188165
MT_347,MTs,0.15224069973037588
MT_348,MTs,0.46837739761534475
MT_349,MTs,0.7841575771882442
MT_350,MTs,0.26337443680341477
MT_351,MTs,0.07812164246455636
MT_352,MTs,0.23785484342990929
MT_353,MTs,0.6259157968687274
MT_354,MTs,0.05592725216735771
MT_355,MTs,0.04565895372233401
MT_356,MTs,0.1746322513403185
MT_357,MTs,0.14026329332177997
MT_358,MTs,0.26129340935369405
MT_359,MTs,0.192908013017078
MT_360,MTs,0.313393373077953
MT_361,MTs,0.40542321233708745
MT_362,MTs,0.34492016008590853
MT_363,MTs,0.22019021788315427
MT_364,MTs,0.2812564285627851
MT_365,MTs,0.22426308058696862
MT_366,MTs,0.28416688019753544
MT_367,MTs,0.5913680080386622
MT_368,MTs,0.3181443333112539
MT_369,MTs,0.25268051285896376
MT_370,MTs,0.6124505493452878
MT_371,MTs,0.4357512771926275
MT_372,MTs,0.22769409038238703
MT_373,MTs,0.0804378991268083
MT_374,MTs,0.06741124850418827
MT_375,MTs,0.4196298808255014
MT_376,MTs,0.2689821270122956
MT_377,MTs,0.2728007271992728
MT_378,MTs,0.09560865182250676
MT_379,MTs,0.1835689439372183
MT_380,MTs,0.3711613839079041
MT_381,MTs,0.23584339358367237
MT_382,MTs,0.10633624234013721
MT_383,MTs,0.4052856821082664
MT_384,MTs,0.15054383124308204
MT_385,MTs,0.05346398487192711
MT_386,MTs,0.04484933426769446
MT_387,MTs,0.24628286554733408
MT_388,MTs,0.23496601359456218
MT_389,MTs,0.26386848548443514
MT_390,MTs,0.9004258943781942
MT_391,MTs,0.8794020775272359
MT_392,MTs,0.22371517027863777
MT_393,MTs,0.7673338873432815
MT_394,MTs,0.16781877487506358
MT_395,MTs,0.30540780528672035
MT_396,MTs,0.6782783453357897
MT_397,MTs,0.5768006942435638
MT_398,MTs,0.7499243112322131
MT_399,MTs,0.9226493747105141
MT_400,MTs,0.2966549295774648
MT_401,MTs,0.1999541134510161
MT_402,MTs,0.20428619158990025
MT_403,MTs,0.15518351577591757
MT_404,MTs,0.28800344773546466
MT_405,MTs,0.1499955194009937
MT_406,MTs,0.025025025025025027
MT_407,MTs,0.2816478267447641
MT_408,MTs,0.07653727241497767
MT_409,MTs,0.5099852490638829
MT_410,MTs,0.6191238001476741
MT_411,MTs,0.8847149127388547
MT_412,MTs,0.09548970852327669
MT_413,MTs,0.10237446477228494
MT_414,MTs,0.48140360796508647
MT_415,MTs,0.14037455930719542
IT_001,ITs,0.568446220916753
IT_002,ITs,0.6084422731267766
IT_003,ITs,0.738816547496967
IT_004,ITs,0.07146134707924258
IT_005,ITs,0.669155225484927
IT_006,ITs,0.9010420506770872
IT_007,ITs,0.49743761140819964
IT_008,ITs,0.2944004249712697
IT_009,ITs,0.27696092082056994
IT_010,ITs,0.426961254350451
IT_011,ITs,0.4260387061848694
IT_012,ITs,0.36091665839208287
IT_013,ITs,0.7803685596088755
IT_014,ITs,0.6146659327253522
IT_015,ITs,0.634711957408493
IT_016,ITs,0.7301606088222414
IT_017,ITs,0.25485658949981543
IT_018,ITs,0.6522890593329164
IT_019,ITs,0.6475127555784645
IT_020,ITs,0.11286322650298898
IT_021,ITs,0.7387264012520787
IT_022,ITs,0.8912006768710099
IT_023,ITs,0.6324733247254847
IT_024,ITs,0.7708823830484185
IT_025,ITs,0.41756857843555
IT_026,ITs,0.6027990856022274
IT_027,ITs,0.5596285996644527
IT_028,ITs,0.3946461389949444
IT_029,ITs,0.43007678755443274
IT_030,ITs,0.49192627695413743
IT_031,ITs,0.4233275460662046
IT_032,ITs,0.36349948232050805
IT_033,ITs,0.4050632911392405
IT_034,ITs,0.43893468095961186
IT_035,ITs,0.514996666705283
IT_036,ITs,0.5289220903958931
IT_037,ITs,0.4973590080706754
IT_038,ITs,0.5016021492778067
IT_039,ITs,0.7429173495668462
IT_040,ITs,0.5963192513731607
IT_041,ITs,0.44222169922334664
IT_042,ITs,0.7290990573327152
IT_043,ITs,0.42404452038604146
IT_044,ITs,0.33307951968410776
IT_045,ITs,0.3239246097203128
IT_046,ITs,0.4621853500202449
IT_047,ITs,0.39226271645527055
IT_048,ITs,0.23922855970455478
IT_049,ITs,0.25637884839613984
IT_050,ITs,0.29715754854299237
IT_051,ITs,0.40801354401805867
IT_052,ITs,0.6771948608137045
IT_053,ITs,0.71358134041925
IT_054,ITs,0.2136505460218409
IT_055,ITs,0.6173737233416465
IT_056,ITs,0.5006854990433035
IT_057,ITs,0.7382724689315858
IT_058,ITs,0.5092109374914935
IT_059,ITs,0.11497748773456944
IT_060,ITs,0.28520273968722376
IT_061,ITs,0.9561637033256548
IT_062,ITs,0.3905597198328828
IT_063,ITs,0.5966605212881889
IT_064,ITs,0.6035849460829822
IT_065,ITs,0.6735429286665139
IT_066,ITs,0.5464791477198908
IT_067,ITs,0.6436012282633989
IT_068,ITs,0.4036133929457878
IT_069,ITs,0.814708695633356
IT_070,ITs,0.8807050897539229
IT_071,ITs,0.5785421648959109
IT_072,ITs,0.4543933612960459
IT_073,ITs,0.5772138908938609
IT_074,ITs,0.373850206439199
IT_075,ITs,0.9650248400066742
IT_076,ITs,0.6110333362498906
IT_077,ITs,0.5648549596378183
IT_078,ITs,0.4266679395058691
IT_079,ITs,0.5716701252786104
IT_080,ITs,0.6002913909786864
IT_081,ITs,0.37884537794488266
IT_082,ITs,0.6338579081943261
IT_083,ITs,0.7069454992989618
IT_084,ITs,0.5847390266380316
IT_085,ITs,0.6270735095336277
IT_086,ITs,0.44351332932950377
IT_087,ITs,0.3440970722860351
IT_088,ITs,0.703348917296019
IT_089,ITs,0.4077649741781776
IT_090,ITs,0.3333719582850521
IT_091,ITs,0.704289142544514
IT_092,ITs,0.4175295936302226
IT_093,ITs,0.2948271945481097
IT_094,ITs,0.09842139024413084
IT_095,ITs,0.3580702538333908
IT_096,ITs,0.3304463068371423
IT_097,ITs,0.5655184067365417
IT_098,ITs,0.6055269082722057
IT_099,ITs,0.5937093441493839
IT_100,ITs,0.6726984641423144
IT_101,ITs,0.3194156207228932
IT_102,ITs,0.64898686136832
IT_103,ITs,0.5756781750924784
IT_104,ITs,0.631858229875851
IT_105,ITs,0.6868330885952031
IT_106,ITs,0.08944437914386588
MGCT_001,MGCTs,0.9433599676342672
MGCT_002,MGCTs,0.996393903655992
MGCT_003,MGCTs,0.41939771751739247
MGCT_004,MGCTs,0.8554768129902298
MGCT_005,MGCTs,0.510983643348427
MGCT_006,MGCTs,0.9549807822744744
MGCT_007,MGCTs,0.9219145776923748
MGCT_008,MGCTs,0.7895422404168218
MGCT_009,MGCTs,0.8707730581406062
MGCT_010,MGCTs,0.8745632270334822
MGCT_011,MGCTs,0.9693675889328063
MGCT_012,MGCTs,0.9152032112393377
MGCT_013,MGCTs,0.6000867664340259
MGCT_014,MGCTs,0.8308064917389841
MGCT_015,MGCTs,0.9281469898358092
MGCT_016,MGCTs,0.9603921292051626
MGCT_017,MGCTs,0.9603921292051626
MGCT_018,MGCTs,0.9574128293851477
MGCT_019,MGCTs,0.8716356107660456
MGCT_020,MGCTs,0.9582235915784592
MGCT_021,MGCTs,0.8480214621059692
MGCT_022,MGCTs,0.5008461509533301
MGCT_023,MGCTs,0.8428093041184336
MGCT_024,MGCTs,0.7192653976399339
MGCT_025,MGCTs,0.804942566220966
MGCT_026,MGCTs,0.860895711346732
MGCT_027,MGCTs,0.7677739832350202
MGCT_028,MGCTs,0.8746360430418664
MGCT_029,MGCTs,0.9734211265909182
MGCT_030,MGCTs,0.8715429403202329
MGCT_031,MGCTs,0.8203707182666417
MGCT_032,MGCTs,0.8818770226537217
MGCT_033,MGCTs,0.935663082437276
MGCT_034,MGCTs,0.8342420937840785
MGCT_035,MGCTs,0.8203434610303831
MGCT_036,MGCTs,0.847036328871893
MGCT_037,MGCTs,0.8723381256080424
MGCT_038,MGCTs,0.7509617478406039
MGCT_039,MGCTs,0.8212179857474851
MGCT_040,MGCTs,0.8601343646953681
MGCT_041,MGCTs,0.5966259978912487
MGCT_042,MGCTs,0.9059813426010609
MGCT_043,MGCTs,0.881857357284656
MGCT_044,MGCTs,0.9451126840071215
MGCT_045,MGCTs,0.6925943736475114
MGCT_046,MGCTs,0.8372780333382797
MGCT_047,MGCTs,0.9753703700309566
MGCT_048,MGCTs,0.6976677235895113
MGCT_049,MGCTs,0.9523146277318105
MGCT_050,MGCTs,0.93578125
MGCT_051,MGCTs,0.9019786217875825
MGCT_052,MGCTs,0.8103433218710769
MGCT_053,MGCTs,0.9878249597084997
MGCT_054,MGCTs,0.7482142857142857
MGCT_055,MGCTs,0.8564122573542732
MGCT_056,MGCTs,0.9700402584027713
MGCT_057,MGCTs,0.7604842538376325
MGCT_058,MGCTs,0.9614364010614289
MGCT_059,MGCTs,0.8639098523443571
MGCT_060,MGCTs,0.9745498762693062
MGCT_061,MGCTs,0.9955305936795475
MGCT_062,MGCTs,0.9937806088268064
MGCT_063,MGCTs,0.843700050235192
MGCT_064,MGCTs,0.9763309925385117
MGCT_065,MGCTs,0.9794846356219716
MGCT_066,MGCTs,0.9978205491084065
MGCT_067,MGCTs,0.7045058891799062
MGCT_068,MGCTs,0.7756280371827361
MGCT_069,MGCTs,0.9679060029254581
MGCT_070,MGCTs,0.7489841986455982
MGCT_071,MGCTs,0.9710126789444803
MGCT_072,MGCTs,0.949969437867536
MGCT_073,MGCTs,0.8025022758572395
MGCT_074,MGCTs,0.6988365439633798
MGCT_075,MGCTs,0.8583199356913184
MGCT_076,MGCTs,0.9767605136825801
MGCT_077,MGCTs,0.7467329709725916
MGCT_078,MGCTs,0.9590600718326722
MGCT_079,MGCTs,0.7834663031712304
MGCT_080,MGCTs,0.8428896991795807
MGCT_081,MGCTs,0.9308082486741138
MGCT_082,MGCTs,0.9843055555555555
MGCT_083,MGCTs,0.9377322322458732
MGCT_084,MGCTs,0.8928058529922206
MGCT_085,MGCTs,0.8296519683755808
MGCT_086,MGCTs,0.8715872281351227
MGCT_087,MGCTs,0.5946137491141035
MGCT_088,MGCTs,0.8455758663227543
MGCT_089,MGCTs,0.9337099351860073
MGCT_090,MGCTs,0.6064287911411873
MGCT_091,MGCTs,0.8843235545428653
MGCT_092,MGCTs,0.8817549563290052
MGCT_093,MGCTs,0.6800970361776184
MGCT_094,MGCTs,0.9909762991954773
MGCT_095,MGCTs,0.894422493797666
MGCT_096,MGCTs,0.7268026755283374
MGCT_097,MGCTs,0.9538194809288641
MGCT_098,MGCTs,0.6663755458515284
MGCT_099,MGCTs,0.9203618510070747
MGCT_100,MGCTs,0.5219955371373924
MGCT_101,MGCTs,0.8633063443190025
MGCT_102,MGCTs,0.9469635484667772
MGCT_103,MGCTs,0.8901562112571287
MGCT_104,MGCTs,0.8982703896223377
MGCT_105,MGCTs,0.9239568066575697
MGCT_106,MGCTs,0.8417005623166799
MGCT_107,MGCTs,0.7695302361796003
MGCT_108,MGCTs,0.8980624471925647
MGCT_109,MGCTs,0.8361428312488671
MGCT_110,MGCTs,0.6552217453505007
MGCT_111,MGCTs,0.9765027322404372
MGCT_112,MGCTs,0.9855816010614772
MGCT_113,MGCTs,0.9247880807993032
MGCT_114,MGCTs,0.9946822386771818
MGCT_115,MGCTs,0.987550313582327
MGCT_116,MGCTs,0.8697796625795151
MGCT_118,MGCTs,0.9832844374701508
MGCT_119,MGCTs,0.9592961690410424
MGCT_120,MGCTs,0.9859645272251844
MGCT_121,MGCTs,0.9804307447373076
MGCT_122,MGCTs,0.7109920893714692
